Item,,M4,M4 BiLevel,M3,M3 BiLevel,X4,Electronic,Orig/Biax,Keymark
K1501 J,,1069,,,,,,,
K4003,,1467,,,,,,,
K4004,,356,,,,,,,
KW5401,,921,,,,,,,
100100-P,,184.5,100.56,187.86,102.24,125.82,,197.94,137.16
100100-S,,168,91.56,171.36,93.24,109.32,,181.44,120.66
100101-P,,184.5,100.56,187.86,102.24,,,197.94,
100101-S,,168,91.56,171.36,93.24,,,181.44,
100200 S,,,,,,,876.09,,
100200 DA,,,,,,,451.56,,
100200A-P,,295.79,211.85,299.15,213.53,208.27,,309.23,219.61
100200A-S,,279.29,202.85,282.65,204.53,191.77,,292.73,203.11
100200-P,,184.5,100.56,187.86,102.24,125.82,,197.94,137.16
100200-S,,168,91.56,171.36,93.24,109.32,,181.44,120.66
100202-P,,210.5,114.73,214.38,116.67,150.42,,226.02,163.58
100202-S,,194,105.73,197.88,107.67,133.92,,209.52,147.08
100300H-P,,190.5,103.83,193.98,105.57,137.64,,204.42,149.64
100300H-S,,174,94.83,177.48,96.57,121.14,,187.92,133.14
100300V-P,,190.5,103.83,193.98,105.57,137.64,,204.42,149.64
100300V-S,,174,94.83,177.48,96.57,121.14,,187.92,133.14
100305H-P,,190.5,103.83,193.98,105.57,137.64,,204.42,149.64
100305H-S,,174,94.83,177.48,96.57,121.14,,187.92,133.14
100305V-P,,190.5,103.83,193.98,105.57,137.64,,204.42,149.64
100305V-S,,174,94.83,177.48,96.57,121.14,,187.92,133.14
100400H C,,,,,,,995.16,,
100400H G,,,,,,,393.87,,
100400H S,,,,,,,876.98,,
100400H DA,,,,,,,452.86,,
100400H-P,,201.5,109.83,205.2,111.67,135.98,,216.3,148.63
100400H-S,,185,100.83,188.7,102.67,119.48,,199.8,132.13
100400V C,,,,,,,992.16,,
100400V G,,,,,,,393.87,,
100400V S,,,,,,,876.98,,
100400V DA,,,,,,,452.86,,
100400V-P,,201.5,109.83,205.2,111.67,135.98,,216.3,148.63
100400V-S,,185,100.83,188.7,102.67,119.48,,199.8,132.13
100403H C,,,,,,,995.16,,
100403H S,,,,,,,876.98,,
100403H DA,,,,,,,452.86,,
100403H-P,,201.5,109.83,205.2,111.67,135.98,,216.3,148.63
100403H-S,,185,100.83,188.7,102.67,119.48,,199.8,132.13
100403V C,,,,,,,995.16,,
100403V S,,,,,,,876.98,,
100403V DA,,,,,,,452.86,,
100403V-P,,201.5,109.83,205.2,111.67,135.98,,216.3,148.63
100403V-S,,185,100.83,188.7,102.67,119.48,,199.8,132.13
100500 C,,,,,,,996.89,,
100500 G,,,,,,,397.31,,
100500 S,,,,,,,878.73,,
100500 DA,,,,,,,456.77,,
100500H-P,,241.57,,245.09,,,,255.65,
100500H-S,,225.07,,228.59,,,,239.15,
100500-P,,192.5,104.92,196.02,106.68,128.64,,206.58,140.18
100500-S,,176,95.92,179.52,97.68,112.14,,190.08,123.68
100501-P,,229.5,,233.76,,,,246.54,
100501-S,,213,,217.26,,,,230.04,
100600-P,,201.5,109.83,205.2,111.67,,,216.3,
100600-S,,185,100.83,188.7,102.67,,,199.8,
100602-P,,172.5,94.02,175.62,95.58,116.51,,184.98,128.92
100602-S,,156,85.02,159.12,86.58,100.01,,168.48,112.42
100700 C,,,,,,,995.16,,
100700 S,,,,,,,876.98,,
100700-P,,201.5,109.83,205.2,111.67,135.98,,216.3,148.63
100700-S,,185,100.83,188.7,102.67,119.48,,199.8,132.13
100702-P,,180.5,98.38,183.78,100.02,120.1,,193.62,132.84
100702-S,,164,89.38,167.28,91.02,103.6,,177.12,116.34
100903-P,,205.5,,209.28,,,,220.62,
100903-S,,189,,192.78,,,,204.12,
100909-P,,234.5,,238.86,,,,251.94,
100909-S,,218,,222.36,,,,235.44,
1012040-P,,184.5,100.56,187.86,102.24,,,197.94,
1012040-S,,168,91.56,171.36,93.24,,,181.44,
101350 M,,,,,,,884.37,,
101350-P,,241.5,131.63,246,133.88,191.04,,259.5,207.14
101350-S,,225,122.63,229.5,124.88,174.54,,243,190.64
101355-P,,256.5,,261.3,,,,275.7,
101355-S,,240,,244.8,,,,259.2,
1014500-P,,184.5,,187.86,,,,197.94,
1014500-S,,168,,171.36,,,,181.44,
1014501-P,,192.5,,196.02,,,,206.58,
1014501-S,,176,,179.52,,,,190.08,
1014502-P,,199.5,,203.16,,,,214.14,
1014502-S,,183,,186.66,,,,197.64,
1014503-P,,270.5,,275.58,,,,290.82,
1014503-S,,254,,259.08,,,,274.32,
1014504-P,,275.5,,280.68,,,,296.22,
1014504-S,,259,,264.18,,,,279.72,
1014505-P,,282.5,,287.82,,,,303.78,
1014505-S,,266,,271.32,,,,287.28,
1014506-P,,184.5,,187.86,,,,197.94,
1014506-S,,168,,171.36,,,,181.44,
1014507-P,,293.5,,299.04,,,,315.66,
1014507-S,,277,,282.54,,,,299.16,
1014508-P,,303.5,,309.24,,,,326.46,
1014508-S,,287,,292.74,,,,309.96,
1014600-P,,184.5,,187.86,,,,197.94,
1014600-S,,168,,171.36,,,,181.44,
1014601-P,,192.5,,196.02,,,,206.58,
1014601-S,,176,,179.52,,,,190.08,
1014602-P,,199.5,,203.16,,,,214.14,
1014602-S,,183,,186.66,,,,197.64,
1014603-P,,270.5,,275.58,,,,290.82,
1014603-S,,254,,259.08,,,,274.32,
1014604-P,,275.5,,280.68,,,,296.22,
1014604-S,,259,,264.18,,,,279.72,
1014605-P,,282.5,,287.82,,,,303.78,
1014605-S,,266,,271.32,,,,287.28,
1014607-P,,293.5,,299.04,,,,315.66,
1014607-S,,277,,282.54,,,,299.16,
1014608-P,,303.5,,309.24,,,,326.46,
1014608-S,,287,,292.74,,,,309.96,
10400 CUT J,,,134.82,,136.68,,,,
10400 CUT T,,226.5,,230.2,,,,,
104001-P,,252.5,,257.22,,,,271.38,
104001-S,,236,,240.72,,,,254.88,
104207-P,,224.5,108.73,228.16,110.56,,,214.14,
104207-S,,183,99.73,186.66,101.56,,,197.64,
104207A-P,,199.5,108.73,203.16,110.56,,,214.14,
104207A-S,,183,99.73,186.66,101.56,,,197.64,
104407HA-P,,200.55,,204.23,,,,213.19,
104407HA-S,,184.05,,187.73,,,,196.69,
105100 C,,,,,,,993.16,,
105100 G,,,,,,,393.25,,
105100 S,,,,,,,876.32,,
105100 DA,,,,,,,460.81,,
105100-P,,199.5,108.73,203.16,110.56,141.45,,214.14,154
105100-S,,183,99.73,186.66,101.56,124.95,,197.64,137.5
105104-P,,353.5,,360.24,,,,380.46,
105104-S,,337,,343.74,,,,363.96,
105200 C,,,,,,,1073.55,,
105200 S,,,,,,,917.78,,
105200 DA,,,,,,,465.51,,
105200-P,,270.5,147.43,275.58,149.97,191.7,,290.82,209.22
105200-S,,254,138.43,259.08,140.97,175.2,,274.32,192.72
105300-P,,277.5,151.25,282.72,153.85,198.7,,298.38,216.78
105300-S,,261,142.25,266.22,144.85,182.2,,281.88,200.28
105400 C,,,,,,,1169.47,,
105400 S,,,,,,,1001.61,,
105400-P,,284.5,155.06,289.86,157.74,205.7,,305.94,224.34
105400-S,,268,146.06,273.36,148.74,189.2,,289.44,207.84
105500 C,,,,,,,1171.7,,
105500 S,,,,,,,1030.69,,
105500-P,,301.5,164.32,307.2,167.18,222.7,,324.3,242.7
105500-S,,285,155.32,290.7,158.18,206.2,,307.8,226.2
105600-P,,317.5,173.5,323.5,176.5,,,341.5,
105600-S,,301,164.5,307,167.5,,,325,
105700 C,,,,,,,1172.13,,
105700-P,,335.5,182.85,341.88,186.04,256.7,,361.02,279.42
105700-S,,319,173.85,325.38,177.04,240.2,,344.52,262.92
105800-P,,437.5,,445.92,,,,471.18,
105800-S,,421,,429.42,,,,454.68,
105900-P,,382.5,,389.82,,382.5,,411.78,
105900-S,,366,,373.32,,366,,395.28,
105901-P,,490.5,,499.98,,,,528.42,
105901-S,,474,,483.48,,,,511.92,
105904-P,,324.5,,330.66,,,,349.14,
105904-S,,308,,314.16,,,,332.64,
1065140-P,,180.5,98.38,183.78,100.02,114.98,,193.62,125.95
1065140-S,,164,89.38,167.28,91.02,98.48,,177.12,109.45
10651S4-P,,206.55,124.43,209.83,126.07,141.03,,219.67,152
10651S4-S,,190.05,115.43,193.33,117.07,124.53,,203.17,135.5
1065244-P,,190.5,103.83,193.98,105.57,,,204.42,
1065244-S,,174,94.83,177.48,96.57,,,187.92,
10652S4-P,,202.37,115.7,205.85,117.44,132.43,,216.29,143.87
10652S4-S,,185.87,106.7,189.35,108.44,115.93,,199.79,127.37
10661S4-P,,207.7,121.03,211.18,122.77,142.18,,221.62,153.95
10661S4-S,,191.2,112.03,194.68,113.77,125.68,,205.12,137.45
10662S4-P,,204.38,97.23,208.76,99.42,131.96,,221.9,149.48
10662S4-S,,187.88,88.23,192.26,90.42,115.46,,205.4,132.98
1075127-P,,211.38,124.71,214.86,126.45,120.56,,225.3,132
1075127-S,,194.88,115.71,198.36,117.45,104.06,,208.8,115.5
110018,,41.6,,,,,,,
110092,,41.6,,,,,,,
110A00-P,,158.5,,161.34,,,,,
110A00-S,,142,,144.84,,,,,
110A01-P,,158.5,,161.34,,,,,
110A01-S,,142,,144.84,,,,,
110A02-P,,158.5,,161.34,,,,,
110A02-S,,142,,144.84,,,,,
110A03-P,,158.5,,161.34,,,,,
110A03-S,,142,,144.84,,,,,
110A04-P,,158.5,129.7,161.34,131.12,,,169.86,
110A04-S,,142,120.7,144.84,122.12,,,153.36,
110A05-P,,158.5,129.7,161.34,131.12,,,169.86,
110A05-S,,142,120.7,144.84,122.12,,,153.36,
110A06-P,,167.5,,170.52,,,,179.58,
110A06-S,,151,,154.02,,,,163.08,
110A07-P,,167.5,,170.52,,,,179.58,
110A07-S,,151,,154.02,,,,163.08,
110A08L,,122,,,,,,,
110A08-P,,292.5,,298.02,,,,314.58,
110A08-S,,276,,281.52,,,,298.08,
110A09L,,152,,,,,,,
110A09-P,,319.5,,325.56,,,,343.74,
110A09-S,,303,,309.06,,,,327.24,
110A10,,105,,,,,,,
110A12,,105,,,,,,,
110A14,,54.1,,,,,,,
110A16,,81.6,,,,,,,
110A17,,54.1,,,,,,,
110A18,,81.6,,,,,,,
110A1911,,87.6,,,,,,,
110A1912,,87.6,,,,,,,
110A1921,,87.6,,,,,,,
110A1922,,87.6,,,,,,,
110A1923,,87.6,,,,,,,
110A20,,41.6,,,,,,,
110A21,,41.6,,,,,,,
110A22,,60.3,,,,,,,
110A23,,60.3,,,,,,,
110A1913,,87.6,,,,,,,
11C281,,245,,,,,,,
11C282,,245,,,,,,,
11C301-P,,396.5,,404.1,,,,426.9,
11C301-S,,380,,387.6,,,,410.4,
11C302-P,,396.5,,404.1,,,,426.9,
11C302-S,,380,,387.6,,,,410.4,
11C303-P,,396.5,,404.1,,,,426.9,
11C303-S,,380,,387.6,,,,410.4,
11C304-P,,396.5,,404.1,,,,426.9,
11C304-S,,380,,387.6,,,,410.4,
11C305-P,,396.5,,404.1,,,,426.9,
11C305-S,,380,,387.6,,,,410.4,
11C306-P,,396.5,,404.1,,,,426.9,
11C306-S,,380,,387.6,,,,410.4,
11C30L-P,,311.95,,319.55,,,,342.35,
11C30L-S,,295.45,,303.05,,,,325.85,
11C311-P,,402.5,,410.22,,,,433.38,
11C311-S,,386,,393.72,,,,416.88,
11C312-P,,402.5,,410.22,,,,433.38,
11C312-S,,386,,393.72,,,,416.88,
11C313-P,,402.5,,410.22,,,,433.38,
11C313-S,,386,,393.72,,,,416.88,
11C314-P,,402.5,,410.22,,,,433.38,
11C314-S,,386,,393.72,,,,416.88,
11C315-P,,402.5,,410.22,,,,433.38,
11C315-S,,386,,393.72,,,,416.88,
11C316-P,,402.5,,410.22,,,,433.38,
11C316-S,,386,,393.72,,,,416.88,
11C31L-P,,317.95,,325.67,,,,348.83,
11C31L-S,,301.45,,309.17,,,,332.33,
11C321-P,,611,,622.56,,,,657.24,
11C321-S,,578,,589.56,,,,624.24,
11C322-P,,611,,622.56,,,,657.24,
11C322-S,,578,,589.56,,,,624.24,
11C323-P,,611,,622.56,,,,657.24,
11C323-S,,578,,589.56,,,,624.24,
11C324-P,,611,,622.56,,,,657.24,
11C324-S,,578,,589.56,,,,624.24,
11C325-P,,611,,622.56,,,,657.24,
11C325-S,,578,,589.56,,,,624.24,
11C326-P,,611,,622.56,,,,657.24,
11C326-S,,578,,589.56,,,,624.24,
11C32L-P,,526.45,,538.01,,,,572.69,
11C32L-S,,493.45,,505.01,,,,539.69,
11C341-P,,389.5,,396.96,,,,419.34,
11C341-S,,373,,380.46,,,,402.84,
11C342-P,,389.5,,396.96,,,,419.34,
11C342-S,,373,,380.46,,,,402.84,
11C391-P,,389.5,,396.96,,,,419.34,
11C391-S,,373,,380.46,,,,402.84,
11C392-P,,389.5,,396.96,,,,419.34,
11C392-S,,373,,380.46,,,,402.84,
11C401,,226,,226,,,,226,
11C402,,226,,226,,,,226,
11C405,,226,,226,,,,226,
11C406,,226,,226,,,,226,
11C421,,276,,276,,,,276,
11C422,,276,,276,,,,276,
11C425,,276,,276,,,,276,
11C426,,276,,276,,,,276,
11C601 C,,,,,,,1136.59,,
11C601 S,,,,,,,1033.84,,
11C601-P,,293.5,244.45,299.04,247.22,,,315.66,
11C601-S,,277,235.45,282.54,238.22,,,299.16,
11C602 C,,,,,,,1136.59,,
11C602 S,,,,,,,1033.84,,
11C602-P,,293.5,244.45,299.04,247.22,,,315.66,
11C602-S,,277,235.45,282.54,238.22,,,299.16,
11C603 C,,,,,,,1136.59,,
11C603 S,,,,,,,1033.84,,
11C603-P,,293.5,244.45,299.04,247.22,,,315.66,
11C603-S,,277,235.45,282.54,238.22,,,299.16,
11C604 C,,,,,,,1136.59,,
11C604 S,,,,,,,1033.84,,
11C604-P,,293.5,244.45,299.04,247.22,,,315.66,
11C604-S,,277,235.45,282.54,238.22,,,299.16,
11C605 C,,,,,,,1136.59,,
11C605 S,,,,,,,1033.84,,
11C605-P,,293.5,244.45,299.04,247.22,,,315.66,
11C605-S,,277,235.45,282.54,238.22,,,299.16,
11C606 C,,,,,,,1136.59,,
11C606 S,,,,,,,1033.84,,
11C606-P,,293.5,244.45,299.04,247.22,,,315.66,
11C606-S,,277,235.45,282.54,238.22,,,299.16,
11C60L C,,,,,,,1052.04,,
11C60L S,,,,,,,949.29,,
11C60L-P,,208.95,159.9,214.49,162.67,,,231.11,
11C60L-S,,192.45,150.9,197.99,153.67,,,214.61,
11C611-P,,299.5,,305.16,,,,322.14,
11C611-S,,283,,288.66,,,,305.64,
11C612-P,,299.5,,305.16,,,,322.14,
11C612-S,,283,,288.66,,,,305.64,
11C613-P,,299.5,,305.16,,,,322.14,
11C613-S,,283,,288.66,,,,305.64,
11C614-P,,299.5,,305.16,,,,322.14,
11C614-S,,283,,288.66,,,,305.64,
11C615-P,,299.5,,305.16,,,,322.14,
11C615-S,,283,,288.66,,,,305.64,
11C616-P,,299.5,,305.16,,,,322.14,
11C616-S,,283,,288.66,,,,305.64,
11C61L-P,,214.95,,220.61,,,,237.59,
11C61L-S,,198.45,,204.11,,,,221.09,
11C621 S,,,,,,,1143.34,,
11C621-P,,403,332.5,410.4,336.2,,,432.6,
11C621-S,,370,314.5,377.4,318.2,,,399.6,
11C622 S,,,,,,,1143.34,,
11C622-P,,403,332.5,410.4,336.2,,,432.6,
11C622-S,,370,314.5,377.4,318.2,,,399.6,
11C623 S,,,,,,,1143.34,,
11C623-P,,403,332.5,410.4,336.2,,,432.6,
11C623-S,,370,314.5,377.4,318.2,,,399.6,
11C624 S,,,,,,,1143.34,,
11C624-P,,403,332.5,410.4,336.2,,,432.6,
11C624-S,,370,314.5,377.4,318.2,,,399.6,
11C625 S,,,,,,,1143.34,,
11C625-P,,403,332.5,410.4,336.2,,,432.6,
11C625-S,,370,314.5,377.4,318.2,,,399.6,
11C626 S,,,,,,,1143.34,,
11C626-P,,403,332.5,410.4,336.2,,,432.6,
11C626-S,,370,314.5,377.4,318.2,,,399.6,
11C62L S,,,,,,,1058.79,,
11C62L-P,,318.45,247.95,325.85,251.65,,,348.05,
11C62L-S,,285.45,229.95,292.85,233.65,,,315.05,
11C631-P,,456,377.55,464.46,381.78,,,489.84,
11C631-S,,423,359.55,431.46,363.78,,,456.84,
11C631T-P,,456,377.55,464.46,381.78,,,489.84,
11C631T-S,,423,359.55,431.46,363.78,,,456.84,
11C632-P,,456,377.55,464.46,381.78,,,489.84,
11C632-S,,423,359.55,431.46,363.78,,,456.84,
11C632T-P,,456,377.55,464.46,381.78,,,489.84,
11C632T-S,,423,359.55,431.46,363.78,,,456.84,
11C633-P,,456,377.55,464.46,381.78,,,489.84,
11C633-S,,423,359.55,431.46,363.78,,,456.84,
11C633T-P,,456,377.55,464.46,381.78,,,489.84,
11C633T-S,,423,359.55,431.46,363.78,,,456.84,
11C634-P,,456,377.55,464.46,381.78,,,489.84,
11C634-S,,423,359.55,431.46,363.78,,,456.84,
11C634T-P,,456,377.55,464.46,381.78,,,489.84,
11C634T-S,,423,359.55,431.46,363.78,,,456.84,
11C635-P,,456,377.55,464.46,381.78,,,489.84,
11C635-S,,423,359.55,431.46,363.78,,,456.84,
11C635T-P,,456,377.55,464.46,381.78,,,489.84,
11C635T-S,,423,359.55,431.46,363.78,,,456.84,
11C636-P,,456,377.55,464.46,381.78,,,489.84,
11C636-S,,423,359.55,431.46,363.78,,,456.84,
11C636T-P,,456,377.55,464.46,381.78,,,489.84,
11C636T-S,,423,359.55,431.46,363.78,,,456.84,
11C63L-P,,371.45,293,379.91,297.23,,,405.29,
11C63L-S,,338.45,275,346.91,279.23,,,372.29,
11C63LT-P,,371.45,293,379.91,297.23,,,405.29,
11C63LT-S,,338.45,275,346.91,279.23,,,372.29,
11C641-P,,287.5,,292.92,,,,309.18,
11C641-S,,271,,276.42,,,,292.68,
11C642-P,,287.5,,292.92,,,,309.18,
11C642-S,,271,,276.42,,,,292.68,
11C691-P,,287.5,,292.92,,,,309.18,
11C691-S,,271,,276.42,,,,292.68,
11C692-P,,287.5,,292.92,,,,309.18,
11C692-S,,271,,276.42,,,,292.68,
11C701,,,,,,224.66,,,224.66
11C702,,,,,,224.66,,,224.66
11C703,,,,,,224.66,,,224.66
11C704,,,,,,224.66,,,224.66
11C705,,,,,,224.66,,,224.66
11C706,,,,,,224.66,,,224.66
11C711,,,,,,223,,,223
11C712,,,,,,223,,,223
11C713,,,,,,223,,,223
11C714,,,,,,223,,,223
11C715,,223,,223,,,,223,
11C716,,,,,,223,,,223
11C721,,261,,261,,,,261,
11C722,,261,,261,,,,261,
11C723,,261,,261,,,,261,
11C724,,261,,261,,,,261,
11C725,,261,,261,,,,261,
11C726,,261,,261,,,,261,
11C801-P,,,,,,306.5,,,329.7
11C801-S,,,,,,290,,,313.2
11C802-P,,,,,,306.5,,,329.7
11C802-S,,,,,,290,,,313.2
11C803-P,,,,,,306.5,,,329.7
11C803-S,,,,,,290,,,313.2
11C804-P,,,,,,306.5,,,329.7
11C804-S,,,,,,290,,,313.2
11C805-P,,,,,,306.5,,,329.7
11C805-S,,,,,,290,,,313.2
11C806-P,,,,,,306.5,,,329.7
11C806-S,,,,,,290,,,313.2
11C811-P,,,,,,312.5,,,336.18
11C811-S,,,,,,296,,,319.68
11C812-P,,,,,,312.5,,,336.18
11C812-S,,,,,,296,,,319.68
11C813-P,,,,,,312.5,,,336.18
11C813-S,,,,,,296,,,319.68
11C814-P,,,,,,312.5,,,336.18
11C814-S,,,,,,296,,,319.68
11C815-P,,,,,,312.5,,,336.18
11C815-S,,,,,,296,,,319.68
11C816-P,,,,,,312.5,,,336.18
11C816-S,,,,,,296,,,319.68
11C821-P,,,,,,444,,,476.88
11C821-S,,,,,,411,,,443.88
11C822-P,,,,,,444,,,476.88
11C822-S,,,,,,411,,,443.88
11C823-P,,,,,,444,,,476.88
11C823-S,,,,,,411,,,443.88
11C824-P,,,,,,444,,,476.88
11C824-S,,,,,,411,,,443.88
11C825-P,,,,,,444,,,476.88
11C825-S,,,,,,411,,,443.88
11C826-P,,,,,,444,,,476.88
11C826-S,,,,,,411,,,443.88
11C841-P,,,,,,300.5,,,323.22
11C841-S,,,,,,284,,,306.72
11C842-P,,,,,,300.5,,,323.22
11C842-S,,,,,,284,,,306.72
11C891-P,,,,,,300.5,,,323.22
11C891-S,,,,,,284,,,306.72
11C892-P,,,,,,300.5,,,323.22
11C892-S,,,,,,284,,,306.72
11C901-P,,,,,,306.5,,,329.7
11C901-S,,,,,,290,,,313.2
11C902-P,,,,,,306.5,,,329.7
11C902-S,,,,,,290,,,313.2
11C903-P,,,,,,306.5,,,329.7
11C903-S,,,,,,290,,,313.2
11C904-P,,,,,,306.5,,,329.7
11C904-S,,,,,,290,,,313.2
11C905-P,,,,,,306.5,,,329.7
11C905-S,,,,,,290,,,313.2
11C906-P,,,,,,306.5,,,329.7
11C906-S,,,,,,290,,,313.2
11C911-P,,,,,,312.5,,,336.18
11C911-S,,,,,,296,,,319.68
11C912-P,,,,,,312.5,,,336.18
11C912-S,,,,,,296,,,319.68
11C913-P,,,,,,312.5,,,336.18
11C913-S,,,,,,296,,,319.68
11C914-P,,,,,,312.5,,,336.18
11C914-S,,,,,,296,,,319.68
11C915-P,,,,,,312.5,,,336.18
11C915-S,,,,,,296,,,319.68
11C916-P,,,,,,312.5,,,336.18
11C916-S,,,,,,296,,,319.68
11C921-P,,,,,,444,,,476.88
11C921-S,,,,,,411,,,443.88
11C922-P,,,,,,444,,,476.88
11C922-S,,,,,,411,,,443.88
11C923-P,,,,,,444,,,476.88
11C923-S,,,,,,411,,,443.88
11C924-P,,,,,,444,,,476.88
11C924-S,,,,,,411,,,443.88
11C925-P,,,,,,444,,,476.88
11C925-S,,,,,,411,,,443.88
11C926-P,,,,,,444,,,476.88
11C926-S,,,,,,411,,,443.88
11C941-P,,,,,,300.5,,,323.22
11C941-S,,,,,,284,,,306.72
11C942-P,,,,,,300.5,,,323.22
11C942-S,,,,,,284,,,306.72
11C991-P,,,,,,300.5,,,323.22
11C991-S,,,,,,284,,,306.72
11C992-P,,,,,,300.5,,,323.22
11C992-S,,,,,,284,,,306.72
11R503-P,,293.5,244.45,299.04,247.22,,,315.66,
11R503-S,,277,235.45,282.54,238.22,,,299.16,
11R504-P,,293.5,244.45,299.04,247.22,,,315.66,
11R504-S,,277,235.45,282.54,238.22,,,299.16,
11R523-P,,403,332.5,410.4,336.2,,,432.6,
11R523-S,,370,314.5,377.4,318.2,,,399.6,
11R524-P,,403,332.5,410.4,336.2,,,432.6,
11R524-S,,370,314.5,377.4,318.2,,,399.6,
11R533-P,,456,377.55,464.46,381.78,,,489.84,
11R533-S,,423,359.55,431.46,363.78,,,456.84,
11R534-P,,456,377.55,464.46,381.78,,,489.84,
11R534-S,,423,359.55,431.46,363.78,,,456.84,
11R57L,,222.11,,222.11,,,,222.11,
11R5DL,,296.11,,296.11,,,,296.11,
11R601 C,,,,,,,1136.59,,
11R601 S,,,,,,,1033.84,,
11R602 C,,,,,,,1136.59,,
11R602 S,,,,,,,1033.84,,
11R603 C,,,,,,,1136.59,,
11R603 S,,,,,,,1033.84,,
11R603-P,,293.5,244.45,299.04,247.22,,,315.66,
11R603-S,,277,235.45,282.54,238.22,,,299.16,
11R604 C,,,,,,,1136.59,,
11R604 S,,,,,,,1033.84,,
11R604-P,,293.5,244.45,299.04,247.22,,,315.66,
11R604-S,,277,235.45,282.54,238.22,,,299.16,
11R605 C,,,,,,,1136.59,,
11R605 S,,,,,,,1033.84,,
11R606 C,,,,,,,1136.59,,
11R606 S,,,,,,,1033.84,,
11R60L C,,,,,,,1052.04,,
11R60L S,,,,,,,949.29,,
11R621 S,,,,,,,1143.34,,
11R622 S,,,,,,,1143.34,,
11R623 S,,,,,,,1143.34,,
11R623-P,,403,332.5,410.4,336.2,,,432.6,
11R623-S,,370,314.5,377.4,318.2,,,399.6,
11R624 S,,,,,,,1143.34,,
11R624-P,,403,332.5,410.4,336.2,,,432.6,
11R624-S,,370,314.5,377.4,318.2,,,399.6,
11R625 S,,,,,,,1143.34,,
11R626 S,,,,,,,1143.34,,
11R62L S,,,,,,,1058.79,,
11R633-P,,456,377.55,464.46,381.78,,,489.84,
11R633-S,,423,359.55,431.46,363.78,,,456.84,
11R634-P,,456,377.55,464.46,381.78,,,489.84,
11R634-S,,423,359.55,431.46,363.78,,,456.84,
11R67L,,222.11,,222.11,,,,222.11,
11R6DL,,296.11,,296.11,,,,296.11,
1200100 T,,71.7,,73.13,,,,,
12001002 -,,77.44,,,,,,,
12001006 W,,71.7,,73.13,,,,,
1200500 T,,71.7,,73.13,,,,,
12005002 -,,71.7,,73.13,,,,,
12005006 W,,71.7,,73.13,,,,,
1202000 T,,71.7,,73.13,,,,,
12020002 -,,77.44,,,,,,,
12020006 W,,77.44,,,,,,,
1202100 T,,71.7,,73.13,,,,,
12021002 -,,77.44,,,,,,,
12021006 W,,77.44,,,,,,,
1202800,132/136,64.3,,65.59,,,,,
1202900,132/136,64.3,,65.59,,,,,
1203000 T,,71.7,,73.13,,,,,
12030002 -,,77.44,,,,,,,
12030006 W,,77.44,,,,,,,
12126022 -,,77.44,,,,,,,
12126156 W,,77.44,,,,,,,
1212633 T,,71.7,,73.13,,,,,
1228600,,70.4,,71.81,,,,,
1228800,,70.4,,71.81,,,,76.03,
1236200,136,69.44,,,,,,,
1238900 J,,71.7,,72.42,,,,,
1239000 J,,71.7,,72.42,,,,,
1239100 J,,71.7,,72.42,,,,,
1243400,136,64.3,,65.59,,,,,
1251200 J,,71.7,,72.42,,,,,
1251300 J,,71.7,,72.42,,,,,
13327,,99.1,,,,,,,
13346,,99.1,,,,,,,
13375,,99.1,,,,,,,
2000400-P,,174.5,95.11,177.66,96.69,,,187.14,
2000400-S,,158,86.11,161.16,87.69,,,170.64,
2000700-P,,174.5,95.11,177.66,96.69,110.64,,187.14,120.74
2000700-S,,158,86.11,161.16,87.69,94.14,,170.64,104.24
2000800-P,,174.5,95.11,177.66,96.69,,,187.14,
2000800-S,,158,86.11,161.16,87.69,,,170.64,
2000827-P,,174.5,95.11,177.66,96.69,,,187.14,
2000827-S,,158,86.11,161.16,87.69,,,170.64,
20008S4-P,,180.49,101.1,183.65,102.68,,,193.13,
20008S4-S,,163.99,92.1,167.15,93.68,,,176.63,
2000900 S,,,,,,,905.04,,
2000900-P,,174.5,95.11,177.66,96.69,110.64,,187.14,120.74
2000900-S,,158,86.11,161.16,87.69,94.14,,170.64,104.24
2000938 S,,,,,,,919.21,,
2000938-P,,188.67,109.28,191.83,110.86,124.81,,201.31,
2000938-S,,172.17,100.28,175.33,101.86,108.31,,184.81,
2000956-P,,173.16,93.77,176.32,95.35,109.3,,,
2000956-S,,156.66,84.77,159.82,86.35,92.8,,,
20009S4 S,,,,,,,911.03,,
20009S4-P,,180.49,101.1,183.65,102.68,116.63,911.03,193.13,126.73
20009S4-S,,163.99,92.1,167.15,93.68,100.13,,176.63,110.23
2001200-P,,174.5,95.11,177.66,96.69,,,187.14,
2001200-S,,158,86.11,161.16,87.69,,,170.64,
2001300-P,,174.5,95.11,177.66,96.69,,,187.14,
2001300-S,,158,86.11,161.16,87.69,,,170.64,
2001400-P,,174.5,95.11,177.66,96.69,,,187.14,
2001400-S,,158,86.11,161.16,87.69,,,170.64,
200155-P,,,,,,,,,157.46
200155-S,,,,,,,,,140.96
2001600 G,,,,,,,350.29,,
2001600-P,,127.5,69.5,129.72,70.61,63.64,,136.38,69.98
2001600-S,,111,60.49,113.22,61.6,47.14,,119.88,53.48
2001700-P,,174.5,95.11,177.66,96.69,,,187.14,
2001700-S,,158,86.11,161.16,87.69,,,170.64,
2001851-P,,174.5,95.11,177.66,96.69,,,187.14,
2001851-S,,158,86.11,161.16,87.69,,,170.64,
200500 S,,,,,,,905.04,,
200500-P,,174.5,95.11,177.66,96.69,110.64,,187.14,120.74
200500-S,,158,86.11,161.16,87.69,94.14,,170.64,104.24
200503 C,,,,,,,997.7,,
200503 G,,,,,,,397.29,,
200503 S,,,,,,,905.04,,
200503-P,,174.5,95.11,177.66,96.69,110.64,,187.14,120.74
200503-S,,158,86.11,161.16,87.69,94.14,,170.64,104.24
200700-P,,174.5,95.11,177.66,96.69,,,187.14,
200700-S,,158,86.11,161.16,87.69,,,170.64,
200701-P,,174.5,95.11,177.66,96.69,,,187.14,
200701-S,,158,86.11,161.16,87.69,,,170.64,
200801-P,,175.5,95.66,178.68,97.25,,,188.22,
200801-S,,159,86.66,162.18,88.25,,,171.72,
200802-P,,171.5,93.47,174.6,95.03,,,183.9,
200802-S,,155,84.47,158.1,86.03,,,167.4,
200807-P,,175.5,,178.68,,,,188.22,
200807-S,,159,,162.18,,,,171.72,
200808-P,,175.5,,178.68,,,,188.22,
200808-S,,159,,162.18,,,,171.72,
200901 C,,,,,,,998.7,,
200901 S,,,,,,,906.04,,
200901-P,,175.5,95.66,178.68,97.25,111.64,,188.22,121.82
200901-S,,159,86.66,162.18,88.25,95.14,,171.72,105.32
200902 C,,,,,,,998.7,,
200902 S,,,,,,,906.04,,
200902-P,,175.5,95.66,178.68,97.25,111.64,,188.22,121.82
200902-S,,159,86.66,162.18,88.25,95.14,,171.72,105.32
200903-P,,175.5,95.66,178.68,97.25,111.64,,188.22,121.82
200903-S,,159,86.66,162.18,88.25,95.14,,171.72,105.32
200904 C,,,,,,,998.7,,
200904-P,,175.5,95.66,178.68,97.25,111.64,,188.22,121.82
200904-S,,159,86.66,162.18,88.25,95.14,,171.72,105.32
200907-P,,175.5,95.66,178.68,97.25,111.64,,188.22,121.82
200907-S,,159,86.66,162.18,88.25,95.14,,171.72,105.32
201006 G,,,,,,,397.29,,
201006-P,,174.5,,177.66,,,,,
201006-S,,158,,161.16,,,,,
20110039-P,,174.5,95.11,177.66,96.69,,,187.14,
20110039-S,,158,86.11,161.16,87.69,,,170.64,
20112B1 G,,,,,,,397.29,,
2020000 C,,,,,,,997.7,,
2020000 G,,,,,,,397.29,,
2020000 S,,,,,,,905.04,,
2020000 DA,,,,,,,459.45,,
2020000-P,,174.5,95.11,177.66,96.69,110.64,,187.14,120.74
2020000-S,,158,86.11,161.16,87.69,94.14,,170.64,104.24
2020049 C,,,,,,,997.7,,
2020049 G,,,,,,,397.29,,
2020049 S,,,,,,,905.04,,
2020049-P,,174.5,95.11,177.66,96.69,110.64,,187.14,120.74
2020049-S,,158,86.11,161.16,87.69,94.14,,170.64,104.24
2020051 G,,,,,,,397.29,,
2020051-P,,174.5,95.11,177.66,96.69,110.64,,187.14,120.74
2020051-S,,158,86.11,161.16,87.69,94.14,,170.64,104.24
2020052 C,,,,,,,997.7,,
2020052 S,,,,,,,905.04,,
2020052-P,,174.5,95.11,177.66,96.69,110.64,,187.14,120.74
2020052-S,,158,86.11,161.16,87.69,94.14,,170.64,104.24
2020053 S,,,,,,,905.04,,
2020053-P,,174.5,95.11,177.66,96.69,110.64,,187.14,120.74
2020053-S,,158,86.11,161.16,87.69,94.14,,170.64,104.24
2020054-P,,174.5,95.11,177.66,96.69,110.64,,187.14,120.74
2020054-S,,158,86.11,161.16,87.69,94.14,,170.64,104.24
2020058-P,,174.5,95.11,177.66,96.69,110.64,,187.14,120.74
2020058-S,,158,86.11,161.16,87.69,94.14,,170.64,104.24
2020063-P,,174.5,95.11,177.66,96.69,110.64,,,
2020063-S,,158,86.11,161.16,87.69,94.14,,,
2020068-P,,174.5,95.11,177.66,96.69,110.64,,187.14,120.74
2020068-S,,158,86.11,161.16,87.69,94.14,,170.64,104.24
2020070 C,,,,,,,997.7,,
2020070-P,,174.5,95.11,177.66,96.69,110.64,,187.14,120.74
2020070-S,,158,86.11,161.16,87.69,94.14,,170.64,104.24
2020071-P,,174.5,95.11,177.66,96.69,110.64,,187.14,120.74
2020071-S,,158,86.11,161.16,87.69,94.14,,170.64,104.24
2020072-P,,174.5,95.11,177.66,96.69,110.64,,187.14,120.74
2020072-S,,158,86.11,161.16,87.69,94.14,,170.64,104.24
2020073 C,,,,,,,997.7,,
2020073 G,,,,,,,397.29,,
2020073 S,,,,,,,905.04,,
2020073-P,,174.5,95.11,177.66,96.69,110.64,,187.14,120.74
2020073-S,,158,86.11,161.16,87.69,94.14,,170.64,104.24
2020074 C,,,,,,,999.99,,
2020074 S,,,,,,,907.33,,
2020074-P,,174.5,95.11,177.66,96.69,110.64,,187.14,120.74
2020074-S,,158,86.11,161.16,87.69,94.14,,170.64,104.24
2020078 C,,,,,,,999.99,,
2020078 S,,,,,,,907.33,,
2020078-P,,174.5,95.11,177.66,96.69,110.64,,187.14,120.74
2020078-S,,158,86.11,161.16,87.69,94.14,,170.64,104.24
2020097 G,,,,,,,399.58,,
2020097 S,,,,,,,907.33,,
2020097-P,,176.79,97.4,179.95,98.98,112.93,,189.43,123.03
2020097-S,,160.29,88.4,163.45,89.98,96.43,,172.93,106.53
20200A1 C,,,,,,,999.99,,
20200A1 G,,,,,,,399.58,,
20200A1 S,,,,,,,907.33,,
20200A1-P,,176.79,97.4,179.95,98.98,112.93,,189.43,123.03
20200A1-S,,160.29,88.4,163.45,89.98,96.43,,172.93,106.53
20200F1 G,,,,,,,399.58,,
20200F1 S,,,,,,,907.33,,
20200F1-P,,176.79,97.4,179.95,98.98,112.93,,189.43,123.03
20200F1-S,,160.29,88.4,163.45,89.98,96.43,,172.93,106.53
20200H1-P,,185.58,106.19,188.74,107.77,121.72,,198.22,131.82
20200H1-S,,169.08,97.19,172.24,98.77,105.22,,181.72,115.32
20200L1 C,,,,,,,999.99,,
20200L1 G,,,,,,,399.58,,
20200L1 S,,,,,,,907.33,,
20200L1-P,,176.79,97.4,179.95,98.98,112.93,,189.43,123.03
20200L1-S,,160.29,88.4,163.45,89.98,96.43,,172.93,106.53
20200S1 C,,,,,,,999.99,,
20200S1 G,,,,,,,399.58,,
20200S1 S,,,,,,,907.33,,
20200S1 DA,,,,,,,461.74,,
20200S1-P,,176.79,97.4,179.95,98.98,112.93,,189.43,123.03
20200S1-S,,160.29,88.4,163.45,89.98,96.43,,172.93,106.53
20200V0 C,,,,,,,997.7,,
20200V0 G,,,,,,,397.29,,
20200V0 S,,,,,,,905.04,,
20200V0-P,,174.5,95.11,177.66,96.69,110.64,,187.14,120.74
20200V0-S,,158,86.11,161.16,87.69,94.14,,170.64,104.24
20200V1 C,,,,,,,997.7,,
20200V1 G,,,,,,,397.29,,
20200V1 S,,,,,,,905.04,,
20200V1-P,,174.5,95.11,177.66,96.69,110.64,,187.14,120.74
20200V1-S,,158,86.11,161.16,87.69,94.14,,170.64,104.24
20200V2 C,,,,,,,997.7,,
20200V2 G,,,,,,,397.29,,
20200V2 S,,,,,,,905.04,,
20200V2-P,,174.5,95.11,177.66,96.69,110.64,,187.14,120.74
20200V2-S,,158,86.11,161.16,87.69,94.14,,170.64,104.24
20200V3 G,,,,,,,397.29,,
20200V3 S,,,,,,,905.04,,
20200V3-P,,174.5,95.11,177.66,96.69,110.64,,187.14,120.74
20200V3-S,,158,86.11,161.16,87.69,94.14,,170.64,104.24
20200V9 C,,,,,,,997.7,,
20200V9 G,,,,,,,397.29,,
20200V9 S,,,,,,,905.04,,
20200V9-P,,174.5,95.11,177.66,96.69,110.64,,187.14,120.74
20200V9-S,,158,86.11,161.16,87.69,94.14,,170.64,104.24
2020149-P,,174.5,95.11,177.66,96.69,,,187.14,
2020149-S,,158,86.11,161.16,87.69,,,170.64,
2020169-P,,174.5,95.11,177.66,96.69,110.64,,187.14,120.74
2020169-S,,158,86.11,161.16,87.69,94.14,,170.64,104.24
2020170-P,,174.5,95.11,177.66,96.69,110.64,,187.14,120.74
2020170-S,,158,86.11,161.16,87.69,94.14,,170.64,104.24
2020173 M,,,,,,,905.04,,
2020173-P,,174.5,95.11,177.66,96.69,110.64,,187.14,120.74
2020173-S,,158,86.11,161.16,87.69,94.14,,170.64,104.24
2020249 C,,,,,,,997.7,,
2020249-P,,174.5,95.11,177.66,96.69,110.64,,187.14,120.74
2020249-S,,158,86.11,161.16,87.69,94.14,,170.64,104.24
20202V9 C,,,,,,,997.7,,
20202V9-P,,174.5,95.11,177.66,96.69,110.64,,,
20202V9-S,,158,86.11,161.16,87.69,94.14,,,
2020349-P,,174.5,95.11,177.66,96.69,110.64,,187.14,120.74
2020349-S,,158,86.11,161.16,87.69,94.14,,170.64,104.24
2020575-P,,174.5,95.11,177.66,96.69,110.64,,187.14,120.74
2020575-S,,158,86.11,161.16,87.69,94.14,,170.64,104.24
2020777-P,,174.5,95.11,177.66,96.69,110.64,,187.14,120.74
2020777-S,,158,86.11,161.16,87.69,94.14,,170.64,104.24
2021173 C,,,,,,,997.7,,
20211730 S,,,,,,,905.04,,
20211730-P,,174.5,95.11,177.66,96.69,110.64,,187.14,120.74
20211730-S,,158,86.11,161.16,87.69,94.14,,170.64,104.24
203000-P,,174.5,95.11,177.66,96.69,110.64,,187.14,120.74
203000-S,,158,86.11,161.16,87.69,94.14,,170.64,104.24
205003-P,,175.5,95.66,178.68,97.25,111.64,,188.22,121.82
205003-S,,159,86.66,162.18,88.25,95.14,,171.72,105.32
205004-P,,174.5,95.11,177.66,96.69,110.64,,187.14,120.74
205004-S,,158,86.11,161.16,87.69,94.14,,170.64,104.24
205005 C,,,,,,,997.7,,
205005-P,,174.5,95.11,177.66,96.69,110.64,,187.14,120.74
205005-S,,158,86.11,161.16,87.69,94.14,,170.64,104.24
205006-P,,174.5,95.11,177.66,96.69,110.64,,187.14,120.74
205006-S,,158,86.11,161.16,87.69,94.14,,170.64,104.24
205008-P,,174.5,,177.66,,110.64,,187.14,120.74
205008-S,,158,,161.16,,94.14,,170.64,104.24
2051027-P,,174.5,95.11,177.66,96.69,110.64,,187.14,120.74
2051027-S,,158,86.11,161.16,87.69,94.14,,170.64,104.24
2051100-P,,174.5,95.11,177.66,96.69,,,187.14,
2051100-S,,158,86.11,161.16,87.69,,,170.64,
2051200-P,,174.5,95.11,177.66,96.69,,,187.14,
2051200-S,,158,86.11,161.16,87.69,,,170.64,
2051500-P,,174.5,95.11,177.66,96.69,110.64,,187.14,120.74
2051500-S,,158,86.11,161.16,87.69,94.14,,170.64,104.24
2052000-P,,174.5,,177.66,,,,187.14,
2052000-S,,158,,161.16,,,,170.64,
206005-P,,175.5,95.66,178.68,97.25,,,188.22,
206005-S,,159,86.66,162.18,88.25,,,171.72,
206100-P,,174.5,95.11,177.66,96.69,,,187.14,
206100-S,,158,86.11,161.16,87.69,,,170.64,
207001-P,,175.5,95.66,178.68,97.25,,,188.22,
207001-S,,159,86.66,162.18,88.25,,,171.72,
208005-P,,174.5,95.11,177.66,96.69,110.64,,187.14,120.74
208005-S,,158,86.11,161.16,87.69,94.14,,170.64,104.24
208006 S,,,,,,,905.04,,
208006-P,,174.5,95.11,177.66,96.69,110.64,,187.14,120.74
208006-S,,158,86.11,161.16,87.69,94.14,,170.64,104.24
208007-P,,174.5,95.11,177.66,96.69,110.64,,187.14,120.74
208007-S,,158,86.11,161.16,87.69,94.14,,170.64,104.24
208008-P,,174.5,95.11,177.66,96.69,110.64,,187.14,120.74
208008-S,,158,86.11,161.16,87.69,94.14,,170.64,104.24
2080147 S,,,,,,,906.04,,
2080147-P,,175.5,95.66,178.68,97.25,111.64,,188.22,121.82
2080147-S,,159,86.66,162.18,88.25,95.14,,171.72,105.32
2080148 S,,,,,,,906.04,,
2080148-P,,175.5,95.66,178.68,97.25,,,188.22,
2080148-S,,159,86.66,162.18,88.25,,,171.72,
2080700-P,,174.5,95.11,177.66,96.69,110.64,,187.14,120.74
2080700-S,,158,86.11,161.16,87.69,94.14,,170.64,104.24
210503-P,,,,,,110.5,,,118.02
210503-S,,,,,,94,,,101.52
23010168-P,,,,,,,,127.29,
23010168-S,,,,,,,,110.79,
EA-100278,,,,,,,740,,
EA-100279,,,,,,,2082,,
EA-100280,,,,,,,1158,,
EA-100281,,,,,,,1229,,
EA-100282,,,,,,,2192,,
EA-100283,,,,,,,1217,,
2301016-S,,139,,141.78,,,,150.12,
2303016A-S,,177,,180.54,,,,191.16,
230301S G,,,,,,,333,,
2304005,,217.5,,221.52,,,,233.58,
2304005-S,,201,,205.02,,,,217.08,
2304006,,217.5,,221.52,,,,233.58,
2304006-S,,201,,205.02,,,,217.08,
2304015,,163.75,,167.77,,,,179.59,
2304015-S,,147.25,,151.27,,,,163.09,
2304016,,163.75,,167.77,,,,179.59,
2304016-S,,147.25,,151.27,,,,163.09,
2304025,,223.31,,227.33,,,,239.33,
2304025-S,,190.31,,194.33,,,,206.33,
2304026,,223.31,,227.33,,,,239.33,
2304026-S,,190.31,,194.33,,,,206.33,
2305016,,161.5,,164.4,,,,173.1,
2306016,,161.5,,164.4,,,,173.1,
2309016,,237.5,,241.92,,,,255.18,
2305016-S,,145,,147.9,,,,156.6,
230501S G,113,,,,,,359,,
2306016-S,,145,,147.9,,,,156.6,
230601S G,,,,,,,359,,
23070165,,180.5,,183.78,,,,193.62,
23070165-S,,164,,167.28,,,,177.12,
23080166,,184.5,,187.86,,,,197.94,
23080166-S,,168,,171.36,,,,181.44,
230801S,,,,,,,359,,
2309016-S,,221,,225.42,,,,238.68,
2310016,,237.5,,241.92,,,,255.18,
2310016-S,,221,,225.42,,,,238.68,
23130 CUT,,219,,223.38,,,,236.52,
2313005 X00,,193.5,,197.04,,,,207.66,
2313005 X00-S,,177,,180.54,,,,191.16,
2313006 X00,,203.55,,207.09,,,,217.76,
2313006 X00-S,,187.05,,190.59,,,,201.26,
2313015 800,,166.32,,169.86,,,,180.21,
2313015 800-S,,149.82,,153.36,,,,163.71,
2313015 801,,170.57,,174.11,,,,184.46,
2313015 801-S,,154.07,,157.61,,,,167.96,
2313016 800,,168.33,,171.87,,,,182.37,
2313016 800-S,,151.83,,155.37,,,,165.87,
2313016 801,,172.58,,176.12,,,,186.62,
2313016 801-S,,156.08,,159.62,,,,170.12,
2313025 X00,,197.87,,201.41,,,,211.98,
2313025 X00-S,,164.87,,168.41,,,,178.98,
2313025 X01,,202.12,,205.66,,,,216.23,
2313025 X01-S,,169.12,,172.66,,,,183.23,
2313025 X02,,206.37,,209.91,,,,220.48,
2313025 X02-S,,173.37,,176.91,,,,187.48,
2313025 X11,,206.37,,209.91,,,,220.48,
2313025 X11-S,,173.37,,176.91,,,,187.48,
2313025 X12,,210.62,,214.16,,,,224.73,
2313025 X12-S,,177.62,,181.16,,,,191.73,
2313026 X00,,211.34,,214.88,,,,225.5,
2313026 X00-S,,178.34,,181.88,,,,192.5,
2313026 X01,,215.59,,219.13,,,,229.75,
2313026 X01-S,,182.59,,186.13,,,,196.75,
2313026 X02,,219.84,,223.38,,,,234,
2313026 X02-S,,186.84,,190.38,,,,201,
2313026 X12,,224.09,,227.63,,,,238.25,
2313026 X12-S,,191.09,,194.63,,,,205.25,
2313035 X00,,193.5,,197.04,,,,207.66,
2313035 X00-S,,177,,180.54,,,,191.16,
2313036 X00,,203.55,,207.09,,,,217.76,
2313036 X00-S,,187.05,,190.59,,,,201.26,
2313045 X00,,193.5,,197.04,,,,207.66,
2313045 X00-S,,177,,180.54,,,,191.16,
2313046 X00,,203.55,,207.09,,,,217.76,
2313046 X00-S,,187.05,,190.59,,,,201.26,
2313055 X00,,193.5,,197.04,,,,207.66,
2313055 X00-S,,177,,180.54,,,,191.16,
2313056 X00,,203.55,,207.09,,,,217.76,
2313056 X00-S,,187.05,,190.59,,,,201.26,
2313065 X00,,193.5,,197.04,,,,207.66,
2313065 X00-S,,177,,180.54,,,,191.16,
2313066 X00,,203.55,,207.09,,,,217.76,
2313066 X00-S,,187.05,,190.59,,,,201.26,
2314003-P,,114.2,,116.15,,,,122.02,
2314003-S,,97.7,,99.65,,,,105.52,
2315005-P,,129.5,,131.76,,,,138.54,
2315005-S,,113,,115.26,,,,122.04,
2316004-P,,129.5,,131.76,,,,138.54,
2316004-S,,113,,115.26,,,,122.04,
2320016-P,,155.5,,158.28,,,,166.62,
2320016-S,,139,,141.78,,,,150.12,
2322015 300,,68,,69.03,,,,72.12,
2322015 301,,72.25,,73.28,,,,76.37,
2322016 300,,74.38,,75.41,,,,78.54,
2322016 300 S,,,,,,,753.01,,
2322016 301,,78.63,,79.66,,,,82.79,
2322016 301 S,,,,,,,757.26,,
2322017 300 N,,,,,,40.88,,,
2322017 301 N,,,,,,45.13,,,
232201S 300 G,,,,,,,312.02,,
232201S 301 G,,,,,,,316.27,,
232201S 302 G,,,,,,,320.52,,
232202S 300 G,,,,,,,312.02,,
232202S 301 G,,,,,,,316.27,,
232202S 302 G,,,,,,,320.52,,
23220X5 300,,68.37,,,,,,,
23220X5 302,,76.87,,,,,,,
23220X6 300,,73.82,,,,,,,
23220XS 300,,69.24,,,,,,,
232212S X 300 G,,,,,,,313.02,,
232212S X 301 G,,,,,,,317.27,,
232212S X 302 G,,,,,,,321.52,,
2323005 X00,,193.5,,197.04,,,,207.66,
2323006 X00,,203.55,,207.09,,,,217.76,
2323016 800 S,29,,,,,,844.25,,
2323016 801 S,29,,,,,,848.5,,
232301S 800 G,,,,,,,361.53,,
232301S 801 G,,,,,,,365.78,,
232301ST 800 G,,,,,,,361.53,,
2323025 X00,,211.34,,214.88,,,,225.5,
2323026 X00,,225.06,,228.6,,,,239.26,
23230E5 X00 G,,,,,,,477.08,,
23230E5 X11 G,,,,,,,485.58,,
23230E6 X00 S,,,,,,,899.59,,
23230X6 X00 S,,,,,,,844.25,,
23230X7 500,,,,,,193.5,,,
23230X7 511,,,,,,202,,,
23230XS X00 G,,,,,,,403.6,,
23230XS X11 G,,,,,,,412.1,,
2324D21,,127,,,,,,,
2324D25,,127,,,,,,,
2324H01,,82.9,,,,,,,
2324H05,,82.9,,,,,,,
2324S12X,,120,,,,,,,
2324S15X,,120,,,,,,,
2324S52X,,120,,,,,,,
2325005 C,,,,,,,1189,,
2325025 C,,,,,,,1700,,
2326D21,,127,,,,,,,
2326H01,,82.9,,,,,,,
2326S12X,,120,,,,,,,
310100 G,,,,,,,400.05,,
310100 S,,,,,,,895.27,,
310100A G,,,,,,,400.05,,
310100A S,,,,,,,895.27,,
310100A-P,,190.5,103.45,193.98,105.19,125.99,,204.42,136.28
310100A-S,,174,94.45,177.48,96.19,109.49,,187.92,119.78
310100CC RY R1,,,,,,,,204.42,
310100-P,,190.5,103.45,193.98,105.19,125.99,,204.42,136.28
310100-S,,174,94.45,177.48,96.19,109.49,,187.92,119.78
310101A-P,,309.5,222.45,315.36,225.38,,,332.94,
310101A-S,,293,213.45,298.86,216.38,,,316.44,
310101-P,,309.5,222.45,315.36,225.38,,,332.94,
310101-S,,293,213.45,298.86,216.38,,,316.44,
310102H-P,,319.5,232.45,325.56,235.48,,,343.74,
310102H-S,,303,223.45,309.06,226.48,,,327.24,
310102V-P,,319.5,232.45,325.56,235.48,,,343.74,
310102V-S,,303,223.45,309.06,226.48,,,327.24,
310104H-P,,319.5,,325.56,,,,343.74,
310104H-S,,303,,309.06,,,,327.24,
310104V-P,,319.5,,325.56,,,,343.74,
310104V-S,,303,,309.06,,,,327.24,
310153H,,130,,,,,,,
310153V,,130,,,,,,,
310175,,121,,,,,,,
310175A,,121,,,,,,,
310375H,,130,,,,,,,
310375S,,130,,,,,,,
310375V,,130,,,,,,,
315375,,365,,,,,,,
320100-P,,308.5,219.24,314.34,222.16,,,331.86,
320100-S,,292,210.24,297.84,213.16,,,315.36,
320101-P,,189.5,103.28,192.96,105.02,,,203.34,
320101-S,,173,94.28,176.46,96.02,,,186.84,
320101H-P,,189.5,,192.96,,,,203.34,
320101H-S,,173,,176.46,,,,186.84,
320175,,121,,,,,,,
320200-P,,309.5,219.96,315.36,222.89,,,332.94,
320200-S,,293,210.96,298.86,213.89,,,316.44,
320200B-P,,453.41,,459.27,,,,476.85,
320200B-S,,436.91,,442.77,,,,460.35,
320201 S,,,,,,,895.27,,
320201CC RY R1,,,,,,,,204.42,
320201H-P,,190.5,103.83,193.98,105.57,,,204.42,
320201H-S,,174,94.83,177.48,96.57,,,187.92,
320201-P,,190.5,103.83,193.98,105.57,132.93,,204.42,
320201-S,,174,94.83,177.48,96.57,116.43,,187.92,
320202-P,,167.5,,170.52,,,,179.58,
320202-S,,151,,154.02,,,,163.08,
320275,,121,,,,,,,
320300H-P,,299.5,212.76,305.16,215.59,,,322.14,
320300H-S,,283,203.76,288.66,206.59,,,305.64,
320300V-P,,299.5,212.76,305.16,215.59,,,322.14,
320300V-S,,283,203.76,288.66,206.59,,,305.64,
320375H,,115,,,,,,,
320375V,,115,,,,,,,
320400H-P,,319.5,227.16,325.56,230.19,,,343.74,
320400H-S,,303,218.16,309.06,221.19,,,327.24,
320400V-P,,319.5,227.16,325.56,230.19,,,343.74,
320400V-S,,303,218.16,309.06,221.19,,,327.24,
320405H-P,,339.5,,345.96,,,,365.34,
320405H-S,,323,,329.46,,,,348.84,
320475H,,130,,,,,,,
320475V,,130,,,,,,,
320477H,,130,,,,,,,
320600-P,,288.5,,293.94,,,,310.26,
320600-S,,272,,277.44,,,,293.76,
320675,,113,,,,,,,
320700-P,,320.5,,326.58,,,,344.82,
320700-S,,304,,310.08,,,,328.32,
320775,,132,,,,,,,
321200-P,,312.5,,318.42,,,,336.18,
321200-S,,296,,301.92,,,,319.68,
321201-P,,193.5,,197.04,,,,207.66,
321201-S,,177,,180.54,,,,191.16,
321350-P,,356.5,,363.3,,,,383.7,
321350-S,,340,,346.8,,,,367.2,
321375,,167,,,,,,,
322201 C,,,,,,,982.31,,
322201 G,,,,,,,395.73,,
322201 M,,,,,,,903.27,,
322201-P,,198.5,,202.14,,129.81,,213.06,141.94
322201-S,,182,,185.64,,113.31,,196.56,125.44
322301 G,,,,,,,402.52,,
322301-P,85,190.5,,193.98,,132.93,,204.42,144.8
322301-S,85,174,,177.48,,116.43,,187.92,128.3
322401 G,,,,,,,402.52,,
322401-P,85,190.5,,193.98,,132.93,,204.42,144.8
322401-S,85,174,,177.48,,116.43,,187.92,128.3
322801-P,,,,,,143.93,,,156.68
322801-S,,,,,,127.43,,,140.18
324201-P,,190.5,103.83,193.98,105.57,,,204.42,
324201-S,,174,94.83,177.48,96.57,,,187.92,
325200-P,,513.5,,523.44,,,,553.26,
325200-S,,497,,506.94,,,,536.76,
325275,,327,,,,,,,
325375,,379,,,,,,,
325400-P,,533.5,,543.84,,,,574.86,
325400-S,,517,,527.34,,,,558.36,
325475,,345,,,,,,,
325500-P,,548.5,,559.14,,,,591.06,
325500-S,,532,,542.64,,,,574.56,
325575,,360,,,,,,,
325600-P,,588.5,,599.94,,,,634.26,
325600-S,,572,,583.44,,,,617.76,
325675,,400,,,,,,,
325700-P,,613.5,,625.44,,,,661.26,
325700-S,,597,,608.94,,,,644.76,
325775,,427,,,,,,,
3307311,,81,,,,,,,
3307321,,81,,,,,,,
3307331,166,81,,,,,,,
3307340,167,101,,,,,,,
3307350,,81,,,,,,,
33076011,,,,,,24.49,,,
33076021,,,,,,24.49,,,
33076025,,,,,,49.3,,,
33076028,,,,,,72.88,,,
3307603H,,,,,,24.48,,,
33076048,,,,,,72.88,,,
3307604H,,,,,,24.48,,,
33076051,,,,,,24.49,,,
33076061,,,,,,24.49,,,
330763G1,,,,,,64.34,,,
33600006 RY CC K,,,,,,93.3,,,99.44
33600006-P,,,,,,93.3,,,99.44
33600006-S,,,,,,76.8,,,82.94
33600007 K-P,,,,,,93.3,,,99.44
33600007 K-S,,,,,,76.8,,,82.94
3360000R-P,,,,,,93.3,,,
3360000R-S,,,,,,76.8,,,
33602012-P,,,,,,143.5,,,153.66
33602012-S,,,,,,127,,,137.16
33602013 K-P,,,,,,143.5,,,153.66
33602013 K-S,,,,,,127,,,137.16
33602032-P,,,,,,147.71,,,157.87
33602032-S,,,,,,131.21,,,141.37
33602033 K-P,,,,,,147.71,,,157.87
33602033 K-S,,,,,,131.21,,,141.37
33602042-P,,,,,,147.71,,,157.87
33602042-S,,,,,,131.21,,,141.37
33602043 K-P,,,,,,147.71,,,157.87
33602043 K-S,,,,,,131.21,,,141.37
33602052-P,,,,,,143.5,,,153.66
33602052-S,,,,,,127,,,137.16
33602053 K-P,,,,,,143.5,,,153.66
33602053 K-S,,,,,,127,,,137.16
33602062-P,,,,,,143.5,,,153.66
33602062-S,,,,,,127,,,137.16
33602063 K-P,,,,,,143.5,,,153.66
33602063 K-S,,,,,,127,,,137.16
336B010-P,,,,,,67.7,,,
336B010-S,,,,,,22.7,,,
336B01W-P,,,,,,67.7,,,
336B01W-S,,,,,,22.7,,,
336B070-P,,,,,,67.7,,,
336B070-S,,,,,,22.7,,,
33700006-P,,,,,,93.3,,,99.44
33700006-S,,,,,,76.8,,,82.94
33700007 K-P,,,,,,93.3,,,99.44
33700007 K-S,,,,,,76.8,,,82.94
3370000R-P,,,,,,93.3,,,
3370000R-S,,,,,,76.8,,,
3370000S-P,,,,,,100.46,,,106.6
3370000S-S,,,,,,83.96,,,90.1
33702022-P,,,,,,143.5,,,153.66
33702022-S,,,,,,127,,,137.16
33702023 K-P,,,,,,143.5,,,153.66
33702023 K-S,,,,,,127,,,137.16
33702042-P,,,,,,147.71,,,157.87
33702042-S,,,,,,131.21,,,141.37
33702043 K-P,,,,,,147.71,,,157.87
33702043 K-S,,,,,,131.21,,,141.37
337020B2-P,,,,,,147.71,,,157.87
337020B2-S,,,,,,131.21,,,141.37
337020C2-P,,,,,,143.5,,,153.66
337020C2-S,,,,,,127,,,137.16
337020E2-P,,,,,,143.5,,,153.66
337020E2-S,,,,,,127,,,137.16
337B010-P,,,,,,67.7,,,
337B010-S,,,,,,22.7,,,
337B01W-P,,,,,,67.7,,,
337B01W-S,,,,,,22.7,,,
337B070-P,,,,,,67.7,,,
337B070-S,,,,,,22.7,,,
337B07W-P,,,,,,67.7,,,
337B07W-S,,,,,,22.7,,,
337B070S-P,,,,,,67.7,,,
337B070S-S,,,,,,22.7,,,
337B07WS-P,,,,,,67.7,,,
337B07WS-S,,,,,,22.7,,,
490078-P,,210.5,,214.38,,,,226.02,
490078-S,,194,,197.88,,,,209.52,
490079-P,,210.5,,214.38,,,,226.02,
490079-S,,194,,197.88,,,,209.52,
490214-P,,192.5,104.92,196.02,106.68,,,206.58,
490214-S,,176,95.92,179.52,97.68,,,190.08,
490258-P,,218.5,,222.54,,,,234.66,
490258-S,,202,,206.04,,,,218.16,
490358 C,,,,,,,1140,,
490359 C,,,,,,,1114.74,,
490359 G,,,,,,,489,,
490361 C,,,,,,,1097.7,,
490366 C,,,,,,,1114.74,,
490366 G,,,,,,,489,,
490368 C,,,,,,,1140,,
490375-S,,183.5,,187.48,,,,,
490423 G,,,,,,,0,,
490426 G,,,,,,,0,,
490428 G,,,,,,,397.74,,
490429 G,,,,,,,397.74,,
490431 G,,,,,,,367,,
490432 G,,,,,,,934.5,,
490435,,,,,,,230,,
490436,,,,,,,232,,
490437 G,,,,,,,633.5,,
50-0551L,,217,,,,,,,
50-0552L,,224,,,,,,,
50-0553L,,217,,,,,,,
50-0554L,,224,,,,,,,
50-0555L,,234,,,,,,,
50-0571L,,217,,,,,,,
50-0572L,,224,,,,,,,
50-0573L,,217,,,,,,,
50-0574L,,224,,,,,,,
500020 S,,,,,,,910.5,,
500020-P,,119.5,,121.56,,,,127.74,
500020-S,,103,,105.06,,,,111.24,
5002201-P,,422.5,,430.62,,,,454.98,
5002201-S,,406,,414.12,,,,438.48,
5002211-P,,422.5,,430.62,,,,454.98,
5002211-S,,406,,414.12,,,,438.48,
5003201-P,,422.5,,430.62,,,,454.98,
5003201-S,,406,,414.12,,,,438.48,
5003211-P,,422.5,,430.62,,,,454.98,
5003211-S,,406,,414.12,,,,438.48,
5005511 G,,,,,,,603.47,,
5005511 S,,,,,,,1070.72,,
5005511 DA,,,,,,,699.82,,
5005511-P,,293.5,,299.04,,276.69,,,
5005511-S,,277,,282.54,,260.19,,,
5005521 G,,,,,,,608.47,,
5005521 S,,,,,,,1075.72,,
5005521 DA,,,,,,,704.82,,
5005521-P,,298.5,,304.14,,281.69,,,
5005521-S,,282,,287.64,,265.19,,,
5005531 G,,,,,,,603.47,,
5005531 S,,,,,,,1070.72,,
5005531 DA,,,,,,,699.82,,
5005531-P,,293.5,,299.04,,276.69,,,
5005531-S,,277,,282.54,,260.19,,,
5005541 G,,,,,,,608.47,,
5005541 S,,,,,,,1075.72,,
5005541 DA,,,,,,,704.82,,
5005541-P,,298.5,,304.14,,281.69,,,
5005541-S,,282,,287.64,,265.19,,,
5005711 G,,,,,,,603.47,,
5005711 S,,,,,,,1070.72,,
5005711 DA,,,,,,,699.82,,
5005711-P,,293.5,,299.04,,276.69,,,
5005711-S,,277,,282.54,,260.19,,,
5005721 G,,,,,,,608.47,,
5005721 S,,,,,,,1075.72,,
5005721 DA,,,,,,,704.82,,
5005721-P,,298.5,,304.14,,281.69,,,
5005721-S,,282,,287.64,,265.19,,,
5005731 G,,,,,,,603.47,,
5005731 S,,,,,,,1070.72,,
5005731 DA,,,,,,,699.82,,
5005731-P,,293.5,,299.04,,276.69,,,
5005731-S,,277,,282.54,,260.19,,,
5005741 G,,,,,,,608.47,,
5005741 S,,,,,,,1075.72,,
5005741 DA,,,,,,,704.82,,
5005741-P,,298.5,,304.14,,281.69,,,
5005741-S,,282,,287.64,,265.19,,,
5008201-P,,398.5,,406.14,,,,429.06,
5008201-S,,382,,389.64,,,,412.56,
5008211-P,,398.5,,406.14,,,,429.06,
5008211-S,,382,,389.64,,,,412.56,
5009201-P,,398.5,,406.14,,,,429.06,
5009201-S,,382,,389.64,,,,412.56,
5009211-P,,398.5,,406.14,,,,429.06,
5009211-S,,382,,389.64,,,,412.56,
50-74201,,202,,,,,,,
50-74211,,202,,,,,,,
50-75201,,202,,,,,,,
50-75211,,202,,,,,,,
50762011,,,,,,,220.46,,
50762014,,,,,,,247.3,,
50762111,,,,,,,220.46,,
50762114,,,,,,,247.3,,
50772011,,,,,,,220.46,,
50772014,,,,,,,247.3,,
50772111,,,,,,,220.46,,
50772114,,,,,,,247.3,,
510600 C,,,,,,,1169.02,,
510600 G,,,,,,,437.36,,
510600 S,,,,,,,1092.61,,
510600 DA,,,,,,,460.63,,
510600-P,,141.5,77.39,144,78.64,123.14,,151.5,132.47
510600-S,,125,68.39,127.5,69.64,106.64,,135,115.97
510800 G,,,,,,,344.29,,
510800 S,,,,,,,879.05,,
510800 DA,,,,,,,395.93,,
510800-P,,76.8,,78.01,,60.11,,,
510800-S,,60.3,,61.51,,43.61,,,
52110040,,196,,,,,,,
52111040,,196,,,,,,,
52120040,,196,,,,,,,
52121040,,196,,,,,,,
526000,,,,125.33,,,,,
526001-P,,,,212.34,,,,223.86,
526001-S,,,,195.84,,,,207.36,
526002,,,,153.24,,,,,
526010,,,,125.33,,,,,
526011-P,,,,212.34,,,,223.86,
526011-S,,,,195.84,,,,207.36,
526012,,,,153.24,,,,,
526100,,,,125.33,,,,,
526101-P,,,,212.34,,,,223.86,
526101-S,,,,195.84,,,,207.36,
526102,,,,153.24,,,,,
526110,,,,125.33,,,,,
526111-P,,,,212.34,,,,223.86,
526111-S,,,,195.84,,,,207.36,
526112,,,,153.24,,,,,
526200,,,,125.33,,,,,
526201-P,,,,212.34,,,,223.86,
526201-S,,,,195.84,,,,207.36,
526202,,,,153.24,,,,,
526210,,,,125.33,,,,,
526211-P,,,,212.34,,,,223.86,
526211-S,,,,195.84,,,,207.36,
526212,,,,153.24,,,,,
526300,,,,125.33,,,,,
526301-P,,,,212.34,,,,223.86,
526301-S,,,,195.84,,,,207.36,
526302,,,,153.24,,,,,
526310,,,,125.33,,,,,
526311-P,,,,212.34,,,,223.86,
526311-S,,,,195.84,,,,207.36,
526312,,,,153.24,,,,,
5292000-P,,234.5,169.07,238.86,172.09,215.95,,,
5292000-S,,218,160.07,222.36,155.59,198.63,,,
5292000 DA,,,,,,,632.82,,
5292001-P,,234.5,169.07,238.86,172.09,215.95,,,
5292001-S,,$218.00 ,160.07,222.36,155.59,198.63,,,
5292001 DA,,,,,,,632.82,,
5292100-P,,234.5,169.07,238.86,172.09,215.95,,,
5292100-S,,218,160.07,222.36,155.59,198.63,,,
5292101-P,,234.5,169.07,238.86,172.09,215.95,,,
5292101-S,,218,160.07,222.36,155.59,198.63,,,
5293000 G,,,,,,,550.91,,
5293000-P,,234.5,169.07,238.86,171.25,216.14,,251.94,232.91
5293000-S,,218,160.07,222.36,162.25,199.64,,235.44,216.41
52930L0,,102.64,,,,,,,
5431500-P,,,,,,184.76,,,199.17
5431500-S,,,,,,168.26,,,182.67
54315K0,,73.91,,,,,,,
54315L0,,73.91,,,,,,,
54315R0-P,,,,,,184.76,,,199.17
54315R0-S,,,,,,168.26,,,182.67
5431F00-P,,,,,,190.76,,,205.65
5431F00-S,,,,,,174.26,,,189.15
5431FK0,,79.91,,,,,,,
5431FL0,,79.91,,,,,,,
5431FR0-P,,,,,,190.76,,,205.65
5431FR0-S,,,,,,174.26,,,189.15
5433500-P,,,,,,184.76,,,199.17
5433500-S,,,,,,168.26,,,182.67
54335R0-P,,,,,,184.76,,,199.17
54335R0-S,,,,,,168.26,,,182.67
5433F00-P,,,,,,190.76,,,205.65
5433F00-S,,,,,,174.26,,,189.15
5433FR0-P,,,,,,190.76,,,205.65
5433FR0-S,,,,,,174.26,,,189.15
5451500 G,,,,,,,537.41,,
5451500 DA,,,,,,,617.98,,
5451500-P,,215.5,149.05,219.48,151.04,196.76,,231.42,212.13
5451500-S,,199,140.05,202.98,142.04,180.26,,214.92,195.63
54515K0,,72.43,,,,,,,
54515L0,,72.43,,,,,,,
54515R0 G,,,,,,,537.41,,
54515R0-P,,215.5,149.05,219.48,151.04,196.76,,231.42,212.13
54515R0-S,,199,140.05,202.98,142.04,180.26,,214.92,195.63
54515X0 S,,,,,,,1183.74,,
5451F00 G,,,,,,,541.41,,
5451F00 DA,,,,,,,621.98,,
5451F00-P,,219.5,153.05,223.56,155.08,200.76,,235.74,216.45
5451F00-S,,203,144.05,207.06,146.08,184.26,,219.24,199.95
5451FK0,,76.43,,,,,,,
5451FL0,,76.43,,,,,,,
5451FR0 G,,,,,,,541.41,,
5451FR0-P,,219.5,153.05,223.56,155.08,200.76,,235.74,216.45
5451FR0-S,,203,144.05,207.06,146.08,184.26,,219.24,199.95
5451FX0 S,,,,,,,1187.74,,
5452500 G,,,,,,,565.41,,
5452500 DA,,,,,,,645.98,,
5452500-P,,243.5,177.05,248.04,179.32,224.76,,261.66,242.37
5452500-S,,227,168.05,231.54,170.32,208.26,,245.16,225.87
54525K0,,100.43,,,,,,,
54525L0,,100.43,,,,,,,
54525R0 G,,,,,,,565.41,,
54525R0-P,,243.5,177.05,248.04,179.32,224.76,,261.66,242.37
54525R0-S,,227,168.05,231.54,170.32,208.26,,245.16,225.87
54525X0 S,,,,,,,1211.74,,
5461500-P,,294.5,198.09,300.06,200.87,,,316.74,
5461500-S,,278,189.09,283.56,191.87,,,300.24,
54615K0,,75.79,,,,,,,
54615L0,,75.79,,,,,,,
54615R0-P,,294.5,198.09,300.06,200.87,,,316.74,
54615R0-S,,278,189.09,283.56,191.87,,,300.24,
54615X0 S,,,,,,,1193.15,,
5461F00-P,,302.5,206.09,308.22,208.95,,,325.38,
5461F00-S,,286,197.09,291.72,199.95,,,308.88,
5461FK0,,83.79,,,,,,,
5461FL0,,83.79,,,,,,,
5461FR0-P,,302.5,206.09,308.22,208.95,,,325.38,
5461FR0-S,,286,197.09,291.72,199.95,,,308.88,
5461FX0 S,,,,,,,1201.15,,
5471500 G,,,,,,,571.41,,
5471500 DA,,,,,,,651.98,,
5471500-P,,249.5,183.05,254.16,185.38,230.76,,268.14,248.85
5471500-S,,233,174.05,237.66,176.38,214.26,,251.64,232.35
54715K0,,106.43,,,,,,,
54715L0,,106.43,,,,,,,
54715R0 G,,,,,,,571.41,,
54715R0-P,,249.5,183.05,254.16,185.38,230.76,,268.14,248.85
54715R0-S,,233,174.05,237.66,176.38,214.26,,251.64,232.35
54715X0 S,,,,,,,1217.74,,
5471F00 G,,,,,,,577.41,,
5471F00 DA,,,,,,,657.98,,
5471F00-P,,255.5,189.05,260.28,191.44,236.76,,274.62,255.33
5471F00-S,,239,180.05,243.78,182.44,220.26,,258.12,238.83
5471FK0,,112.43,,,,,,,
5471FL0,,112.43,,,,,,,
5471FR0 G,,,,,,,577.41,,
5471FR0-P,,255.5,189.05,260.28,191.44,236.76,,274.62,255.33
5471FR0-S,,239,180.05,243.78,182.44,220.26,,258.12,238.83
5471FX0 S,,,,,,,1223.74,,
5472500 G,,,,,,,619.41,,
5472500 DA,,,,,,,699.98,,
5472500-P,,297.5,231.05,303.12,233.86,278.76,,319.98,300.69
5472500-S,,281,222.05,286.62,224.86,262.26,,303.48,284.19
54725K0,,154.43,,,,,,,
54725L0,,154.43,,,,,,,
54725R0 G,,,,,,,619.41,,
54725R0-P,,297.5,231.05,303.12,233.86,278.76,,319.98,300.69
54725R0-S,,281,222.05,286.62,224.86,262.26,,303.48,284.19
54725X0 S,,,,,,,1265.74,,
600250T-P,,,,133.04,,,,139.16,
600250T-S,,,,104.04,,,,110.16,
600350T KIT-P,,,,143.69,,,,149.81,
600350T KIT-S,,,,114.69,,,,120.81,
600350T-P,,131,,133.04,,,,139.16,
600350T-S,,102,,104.04,,,,110.16,
600350 DA,,,,,,,472.29,,
600450T-P,,,,133.04,,,,139.16,
600450T-S,,,,104.04,,,,110.16,
600550T-P,,,,129.67,,,,135.6,
600550T-S,,,,100.67,,,,106.6,
600650269 G-XX,,,,,,,399.3,,
600650T KIT-P,,,,143.69,,,,149.81,
600650T KIT-S,,,,114.69,,,,120.81,
600650 DA,,,,,,,472.29,,
600650T-P,,,,133.04,,,,139.16,
600650T-S,,,,104.04,,,,110.16,
600750T-P,,,,129.67,,,,135.6,
600750T-S,,,,100.67,,,,106.6,
600850T-P,,,,129.67,,,,135.6,
600850T-S,,,,100.67,,,,106.6,
600950T-P,,,,133.04,,,,139.16,
600950T-S,,,,104.04,,,,110.16,
601150T KIT-P,,,,143.69,,,,149.81,
601150T KIT-S,,,,114.69,,,,120.81,
601150T-P,,,,133.04,,,,139.16,
601150T-S,,,,104.04,,,,110.16,
601250T-P,,,,118.45,,,,123.72,
601250T-S,,,,89.45,,,,94.72,
601251T-P,,,,118.45,,,,123.72,
601251T-S,,,,89.45,,,,94.72,
601450T KIT-P,,,,148.79,,,,155.21,
601450T KIT-S,,,,119.79,,,,126.21,
601450 DA,,,,,,,477.29,,
601450T-P,,,,138.14,,,,144.56,
601450T-S,,,,109.14,,,,115.56,
601452T-P,,,,142.22,,,,148.88,
601452T-S,,,,113.22,,,,119.88,
60300 CUT W 219,,,,,,,,110.43,
607155XT-P,,,,151.4,,,,158.6,
607155XT-S,,,,122.4,,,,129.6,
607255XT-P,,,,151.4,,,,158.6,
607255XT-S,,,,122.4,,,,129.6,
607355XT-P,,,,151.4,,,,158.6,
607355XT-S,,,,122.4,,,,129.6,
607455XT-P,,,,153.44,,,,160.76,
607455XT-S,,,,124.44,,,,131.76,
607555XT-P,,,,153.44,,,,160.76,
607555XT-S,,,,124.44,,,,131.76,
60810 XXX C,,,,,,,964,,
60810D XXX C,,,,,,,1047,,
60820 XXX C,,,,,,,964,,
60820D XXX C,,,,,,,1047,,
6210555 G,,,,,,,421.74,,
6210555T-P,,,,176.9,,,,185.6,
6210555T-S,,,,147.9,,,,156.6,
6211555 G,,,,,,,439.74,,
6211555T-P,,,,195.26,,,,205.04,
6211555T-S,,,,166.26,,,,176.04,
6212555 G,,,,,,,421.74,,
6212555T-P,,,,176.9,,,,185.6,
6212555T-S,,,,147.9,,,,156.6,
6221554T-P,,,,194.24,,,,203.96,
6221554T-S,,,,165.24,,,,174.96,
6221557T-P,,,,194.24,,,,203.96,
6221557T-S,,,,165.24,,,,174.96,
6261557T-P,,,,226.88,,,,238.52,
6261557T-S,,,,197.88,,,,209.52,
6270515,,,,96.8,,,,,
6271515,,,,109,,,,,
6280550 G,,,,,,,394.74,,
6282550 G,,,,,,,394.74,,
640155CT-P,,,,118.96,,,,124.26,
640155CT-S,,,,89.96,,,,95.26,
640155T-P,,,,118.96,,,,124.26,
640155T-S,,,,89.96,,,,95.26,
640250T-P,,,,138.14,,,,144.56,
640250T-S,,,,109.14,,,,115.56,
640251T-P,,,,138.14,,,,144.56,
640251T-S,,,,109.14,,,,115.56,
640550AT-P,,,,156.5,,,,164,
640550AT-S,,,,127.5,,,,135,
640550FT-P,,,,156.5,,,,164,
640550FT-S,,,,127.5,,,,135,
640550T-P,,,,156.5,,,,164,
640550T-S,,,,127.5,,,,135,
640750ET-P,,,,121.31,,,,126.74,
640750ET-S,,,,92.31,,,,97.74,
640750GT-P,,,,121.31,,,,126.74,
640750GT-S,,,,92.31,,,,97.74,
640950T-P,,,,130.8,,,,136.78,
640950T-S,,,,101.8,,,,107.78,
640952T-P,,,,130.8,,,,136.78,
640952T-S,,,,101.8,,,,107.78,
641050T-P,,,,168.74,,,,176.96,
641050T-S,,,,139.74,,,,147.96,
641051T-P,,,,168.74,,,,176.96,
641051T-S,,,,139.74,,,,147.96,
641200 C,,,,,,,960,,
641200D C,,,,,,,1043,,
641201 C,,,,,,,960,,
641201D C,,,,,,,1043,,
650003,,53.6,,,,,,,
652150T 011-P,,,,164.66,,,,172.64,
652150T 011-S,,,,135.66,,,,143.64,
652150T 012-P,,,,164.66,,,,172.64,
652150T 012-S,,,,135.66,,,,143.64,
652150T 021-P,,,,164.66,,,,172.64,
652150T 021-S,,,,135.66,,,,143.64,
6522560 G-121-XX,,,,,,,378.35,,
6522560 G-122-XX,,,,,,,378.35,,
6522560T 121-P,,,,160.58,,,,168.32,
6522560T 121-S,,,,131.58,,,,139.32,
6522560T 122-P,,,,160.58,,,,168.32,
6522560T 122-S,,,,131.58,,,,139.32,
6522560T 132-P,,,,160.58,,,,168.32,
6522560T 132-S,,,,131.58,,,,139.32,
6522560T 133-P,,,,160.58,,,,168.32,
6522560T 133-S,,,,131.58,,,,139.32,
6522560T 134-P,,,,160.58,,,,168.32,
6522560T 134-S,,,,131.58,,,,139.32,
6522560T 221-P,,,,160.58,,,,168.32,
6522560T 221-S,,,,131.58,,,,139.32,
652650T 101-P,,,,266.66,,,,280.64,
652650T 101-S,,,,237.66,,,,251.64,
652650T 102-P,,,,266.66,,,,280.64,
652650T 102-S,,,,237.66,,,,251.64,
652650T 111-P,,,,266.66,,,,280.64,
652650T 111-S,,,,237.66,,,,251.64,
652650T 131-P,,,,266.66,,,,280.64,
652650T 131-S,,,,237.66,,,,251.64,
652650T 132-P,,,,266.66,,,,280.64,
652650T 132-S,,,,237.66,,,,251.64,
652650T 133-P,,,,266.66,,,,280.64,
652650T 133-S,,,,237.66,,,,251.64,
66391-P,,,,106.32,,,,110.86,
66391-S,,,,77.32,,,,81.86,
66418-P,,123.5,,125.39,,,,131.06,
66418-S,,94.5,,96.39,,,,102.06,
90-0001,,4.35,,,,,,,
90-0028,,23.8,,,,,,,
94-0010,,63.3,,,,,,,
94-0020,,6.41,,,,,,,
94-0029,,9.09,,,,,,,
94-0030,,9.09,,,,,,,
94-0034,,15.5,,,,,,,
94-0035,,15.5,,,,,,,
94-0036,,15.5,,,,,,,
94-0051,,39.1,,,,,,,
94-0052,,19.1,,,,,,,
94-0058-MED,,193,,,,,,,
94-0059,,47.1,,,,,,,
94-0061,,27.4,,,,,,,
94-0067,,4.49,,,,,,,
94-0098,,15.5,,,,,,,
94-0171,,107,,,,,,,
94-0174,,16,,,,,,,
94-0188,,19.9,,,,,,,
94-0199,,17,,,,,,,
94-0203,,12.7,,,,,,,
94-0207,,2.38,,,,,,,
94-0208,,1246,,,,,,,
940210,,10.5,,,,,,,
940212,,50.8,,,,,,,
94-0213,,33.2,,,,,,,
940219,,6648,,,,,,,
94-0221,,57.5,,,,,,,
94-0222,,174,,,,,,,
94-0223,,174,,,,,,,
94-0255,,16,,,,,,,
94-0256,,16,,,,,,,
940239,,,,,,,264,,
940243,,6300,,,,,,,
940249,,,,,,,485,,
940261,,1720,,,,,,,
940264,23,,,,,,1132,,
940269,,367,,,,,,,
940271,,,,,,,233,,
94-0272,,15.5,,,,,,,
940276,,,,,,,846,,
940279,,4198,,,,,,,
940281 001,,,,,,,454,,
940282 001,,,,,,,414,,
94-0283,,31.8,,,,,,,
94-0285,,12.7,,,,,,,
94-0287,,1025,,,,,,,
94-0288,,260,,,,,,,
94-0289,,260,,,,,,,
94-0290,,,,,,,104,,
94-0291,,,,,,,142,,
94-0292,,,,,,,140,,
94-0294,,77.6,,,,,,,
94-0295,,141,,,,,,,
94-0296,,363,,,,,,,
94-0304-M0P,,664,,,,,,,
94-0304-MBP,,664,,,,,,,
94-0305-M0P,,555,,,,,,,
94-0305-MBP,,555,,,,,,,
94-0306,,,,,,,275,,
94-0307,,,,,,,247,,
94-0309,,,,,,,88.3,,
94-0316,,31.2,,,,,,,
94-0317-516,,6.22,,,,,,,
94-0317-716,,6.22,,,,,,,
94-0318,,125,,,,,,,
94-0323,,43,,,,,,,
94-0325,,,,,,,299,,
94-0326,,285,,,,,,,
940312,,,,,,,455,,
95-000200,,4524,,,,,,,
95-001100,,4524,,,,,,,
95-100070,,673,,,,,,,
95-100400,,673,,,,,,,
95-100400-SHARP,,272,,,,,,,
95-200080,,445,,,,,,,
95-210080,,851,,,,,,,
95-210100,,1700,,,,,,,
95-210100-MED3,,,,1700,,,,,
95-210100-MED4,,1700,,,,,,,
95-210100-UNIV,,949,,,,,,,
95-210100-XX,,949,,,,,,,
95-210130-MED3,,,,1670,,,,,
95-210130-MED4,,1670,,,,,,,
95-210130-UNIV,,852,,,,,,,
95-210130-XX,,852,,,,,,,
95-M11000,,16616,,,,,,,
95-M11100,,16616,,,,,,,
95-M23000,,16616,,,,,,,
95-M34000,,17684,,,,,,,
95-M34100,,17684,,,,,,,
95-M45000,,16616,,,,,,,
95-M55000,,16616,,,,,,,
95-M56000,,17209,,,,,,,
960357-P,,139,,141.2,,,,147.8,
960357-S,,110,,112.2,,,,118.8,
960358-P,,139,,141.2,,,,147.8,
960358-S,,110,,112.2,,,,118.8,
960590 W 26-S6-S,,,,,,,,96.07,
CARD 1 X XX,,15.7,,,,,,,
CARD 2 X XX ,,15.7,,,,,,,
CARD 6 X XX,,15.7,,,,,,,
CARD KS XX 8E ,,44.4,,,,,,,
CARD XX 56 XX,,48.8,,,,,,,
CARD XX 66 XX,,48.8,,,,,,,
CB-CODE-BIA,,54.2,,,,,,,
CB-CODE-BOK,,54.2,,,,,,,
CN-DIES,,720,,,,,,,
CP-010103-040,,0.78,,,,,,,
CP-010203-030,,0.29,,,,,,,
CP-010203-050,,0.29,,,,,,,
CP-010234-320,,0.94,,,,,,,
CP-010235-120-XX,,0.94,,,,,,,
CP-010503-040,,0.43,,,,,,,
CP-011011-020,,0.3,,,,,,,
CP-011013-020,,0.36,,,,,,,
CP-011013-040,,0.49,,,,,,,
CP-011511-000,,0.81,,,,,,,
CP-011520-400,,3.06,,,,,,,
CP-011749,,23.1,,,,,,,
CP-011751,,23.1,,,,,,,
CP-011753,,11.8,,,,,,,
CP-011754,,11.8,,,,,,,
CP-011757,,23.1,,,,,,,
CP-011762,,23.1,,,,,,,
CP-011763,,23.1,,,,,,,
CP-011764,,23.1,,,,,,,
CP-011767,,23.1,,,,,,,
CP-012409-030,,0.74,,,,,,,
CP-012411-030,,0.94,,,,,,,
CP-012411-040,,0.94,,,,,,,
CP-012917-000,,0.67,,,,,,,
CP-014213-061,,1.25,,,,,,,
CP-014642-591,,1.25,,,,,,,
CP-020010,,0.78,,,,,,,
CP-020020,,2.01,,,,,,,
CP-020031,,7.04,,,,,,,
CP-020040,,3.86,,,,,,,
CP-020100,,1.25,,,,,,,
CP-020240,,0.3,,,,,,,
CP-021011,,0.94,,,,,,,
CP-021031,,2.54,,,,,,,
CP-021121,,17.3,,,,,,,
CP-021130,,3.6,,,,,,,
CP-021370,,9.74,,,,,,,
CP-021400,,6.64,,,,,,,
CP-021490,,2.01,,,,,,,
CP-021651,,15,,,,,,,
CP-022030,,8.83,,,,,,,
CP-030001,,0.11,,,,,,,
CP-030017,,0.11,,,,,,,
CP-030018,,0.11,,,,,,,
CP-030024,,0.78,,,,,,,
CP-030025,,0.29,,,,,,,
CP-030042,,0.12,,,,,,,
CP-030430,,0.52,,,,,,,
CP-030590,,23.1,,,,,,,
CP-030670,,2.01,,,,,,,
CP-030860,,1.33,,,,,,,
CP-030910,,0.12,,,,,,,
CP-031030,,0.82,,,,,,,
CP-031170,,0.42,,,,,,,
CP-031180,,0.23,,,,,,,
CP-031480,,0.42,,,,,,,
CP-031560,,0.12,,,,,,,
CP-041200,,5.05,,,,,,,
CP-050050,,3.46,,,,,,,
CP-050060,,2.01,,,,,,,
CP-050120,,14.1,,,,,,,
CP-060106,,1.47,,,,,,,
CP-060203,,0.52,,,,,,,
CP-063220,,0.75,,,,,,,
CP-064231,,5.44,,,,,,,
CP-064490,,2.4,,,,,,,
CP-064701,,5.44,,,,,,,
CP-070011,,33.4,,,,,,,
CP-070111,,11.6,,,,,,,
CP-070131,,11.6,,,,,,,
CP-070141,,11.6,,,,,,,
CP-070161,,11.6,,,,,,,
CP-070171,,11.6,,,,,,,
CP-070181,,11.6,,,,,,,
CP-070201,,11.6,,,,,,,
CP-070441,,11.6,,,,,,,
CP-070451,,26.7,,,,,,,
CP-070481,,11.6,,,,,,,
CP-070501,,11.6,,,,,,,
CP-070691,,82.7,,,,,,,
CP-070701,,82.7,,,,,,,
CP-070711,,82.7,,,,,,,
CP-070721,,82.7,,,,,,,
CP-070731,,82.7,,,,,,,
CP-070741,,82.7,,,,,,,
CP-084571,,9.59,,,,,,,
CP-0845A0,,11.8,,,,,,,
CP-084671,,9.59,,,,,,,
CP-0846A0,,11.8,,,,,,,
CP-100111,,13.3,,,,,,,
CP-100771-Z00,,11.8,,,,,,,
CP-100771-Z01,,11.8,,,,,,,
CP-100771-Z02,,11.8,,,,,,,
CP-100771-Z20,,11.8,,,,,,,
CP-100771-Z34,,11.8,,,,,,,
CP-100781-Z00,,11.8,,,,,,,
CP-100781-Z01,,11.8,,,,,,,
CP-100781-Z02,,11.8,,,,,,,
CP-100781-Z20,,11.8,,,,,,,
CP-100781-Z34,,11.8,,,,,,,
CP-130101,,10.2,,,,,,,
CP-130510,,7.43,,,,,,,
CP-142043,,64.1,,,,,,,
CP-142543,,68.5,,,,,,,
CP-144110,,12.9,,,,,,,
CP-144120,,12.9,,,,,,,
CP-144130,,15.6,,,,,,,
CP-144140,,15.6,,,,,,,
CP-144150,,15.6,,,,,,,
CP-144160,,17.3,,,,,,,
CP-144170,,19.3,,,,,,,
CP-144180,,19.3,,,,,,,
CP-144190,,21.7,,,,,,,
CP-144200,,21.7,,,,,,,
CP-144210,,21.7,,,,,,,
CP-144220,,23.8,,,,,,,
CP-150082,,72.4,,,,,,,
CP-150102,,96,,,,,,,
CP-150142,,36.5,,,,,,,
CP-150152,,52.2,,,,,,,
CP-160180,,33.4,,,,,,,
CP-160661-50,,1.47,,,,,,,
CP-160661-55,,1.47,,,,,,,
CP-160661-60,,1.47,,,,,,,
CP-160661-65,,1.47,,,,,,,
CP-160691,,2.4,,,,,,,
CP-160910,,1.25,,,,,,,
CP-160XXX,,9.86,,,,,,,
CP-170011,,0.67,,,,,,,
CP-170021,,0.47,,,,,,,
CP-170031,,0.67,,,,,,,
CP-170041,,0.67,,,,,,,
CP-170051,,0.67,,,,,,,
CP-170061,,0.67,,,,,,,
CP-170250,,23.8,,,,,,,
CP-170271,,0.67,,,,,,,
CP-170430,,7.16,,,,,,,
CP-170440,,7.16,,,,,,,
CP-170481,,0.67,,,,,,,
CP-170730-5,,0.76,,,,,,,
CP-170730-6,,0.76,,,,,,,
CP-170930,41,,,,,,78.3,,
CP-171011,,18.8,,,,,,,
CP-171021,,18.8,,,,,,,
CP-171031,,18.8,,,,,,,
CP-180021,,12,,,,,,,
CP-180031,,2.13,,,,,,,
CP-180041,,11.8,,,,,,,
CP-180061,,21.1,,,,,,,
CP-200720,,7.43,,,,,,,
CP-200751-10,,6.38,,,,,,,
CP-200751-15,,7.04,,,,,,,
CP-200751-20,,7.43,,,,,,,
CP-200751-25,,9.09,,,,,,,
CP-200751-30,,9.59,,,,,,,
CP-200751-40,,10.6,,,,,,,
CP-200751-45,,10.9,,,,,,,
CP-200751-50,,12.5,,,,,,,
CP-200751-55,,12.9,,,,,,,
CP-200751-60,,13.5,,,,,,,
CP-200751-65,,14,,,,,,,
CP-200751-70,,14.9,,,,,,,
CP-200751-75,,15,,,,,,,
CP-200751-80,,15.6,,,,,,,
CP-200751-85,,16.4,,,,,,,
CP-200751-90,,17.3,,,,,,,
CP-200761-05,,4.14,,,,,,,
CP-200761-10,,4.54,,,,,,,
CP-200761-15,,5.21,,,,,,,
CP-200761-20,,5.72,,,,,,,
CP-200761-25,,7.04,,,,,,,
CP-200761-30,,7.43,,,,,,,
CP-200761-40,,8.57,,,,,,,
CP-200761-45,,10.2,,,,,,,
CP-200761-50,,10.6,,,,,,,
CP-200761-55,,10.9,,,,,,,
CP-200761-60,,12,,,,,,,
CP-200761-65,,12.5,,,,,,,
CP-200761-70,,17.3,,,,,,,
CP-200761-75,,17.3,,,,,,,
CP-200761-80,,17.9,,,,,,,
CP-200761-85,,18.8,,,,,,,
CP-200761-90,,18.8,,,,,,,
CP-200771-05,,8.83,,,,,,,
CP-200771-10,,10.2,,,,,,,
CP-200771-15,,11.8,,,,,,,
CP-200771-20,,13.3,,,,,,,
CP-200771-25,,14.7,,,,,,,
CP-200781-05,,5.99,,,,,,,
CP-200781-10,,6.66,,,,,,,
CP-200781-15,,7.43,,,,,,,
CP-200781-20,,7.81,,,,,,,
CP-200781-25,,8.45,,,,,,,
CP-200801-00,,35.1,,,,,,,
CP-200801-02,,38,,,,,,,
CP-200801-04,,40.3,,,,,,,
CP-200801-06,,42.3,,,,,,,
CP-200801-08,,44.8,,,,,,,
CP-200801-0A,,47.6,,,,,,,
CP-200801-12,,29.8,,,,,,,
CP-200801-14,,32.8,,,,,,,
CP-200801-16,,35.1,,,,,,,
CP-200801-18,,38,,,,,,,
CP-200801-1A,,40.3,,,,,,,
CP-200801-22,,40.3,,,,,,,
CP-200801-24,,42.3,,,,,,,
CP-200801-26,,44.8,,,,,,,
CP-200801-28,,47.6,,,,,,,
CP-200801-2A,,50.6,,,,,,,
CP-200801-44,,44.8,,,,,,,
CP-200801-46,,47.6,,,,,,,
CP-200801-48,,50.6,,,,,,,
CP-200801-4A,,53.6,,,,,,,
CP-200801-66,,50.6,,,,,,,
CP-200801-68,,53.6,,,,,,,
CP-200801-6A,,56,,,,,,,
CP-200801-88,,56,,,,,,,
CP-200801-8A,,58,,,,,,,
CP-200801-AA,,62.1,,,,,,,
CP-200830,,22.1,,,,,,,
CP-200851-10,,15.8,,,,,,,
CP-200851-15,,16.3,,,,,,,
CP-200851-20,,16.7,,,,,,,
CP-200851-25,,18.1,,,,,,,
CP-200851-30,,18.5,,,,,,,
CP-200851-40,,19.5,,,,,,,
CP-200851-45,,19.8,,,,,,,
CP-200851-50,,20.2,,,,,,,
CP-200851-55,,20.8,,,,,,,
CP-200851-60,,21.5,,,,,,,
CP-200851-65,,21.8,,,,,,,
CP-200851-70,,22.3,,,,,,,
CP-200851-75,,22.8,,,,,,,
CP-200851-80,,23.1,,,,,,,
CP-200851-85,,23.5,,,,,,,
CP-200851-90,,24,,,,,,,
CP-220071,,9.86,,,,,,,
CP-220090,,5.99,,,,,,,
CP-220120,,35.9,,,,,,,
CP-220131,,32.8,,,,,,,
CP-220201,,95,,,,,,,
CP-230081,,11.8,,,,,,,
CP-230091,,11.8,,,,,,,
CP-240761-500,,30.6,,,,,,,
CP-240771-5P-XX,,12.6,,,,,,,
CP-240771-6P-XX,,12.9,,,,,,,
CP-250010,,0.29,,,,,,,
CP-250020,,0.29,,,,,,,
CP-250030,,0.49,,,,,,,
CP-250040,,2.01,,,,,,,
CP-250140,,0.81,,,,,,,
CP-250180,,2.49,,,,,,,
CP-270511,,2.54,,,,,,,
CP-270521,,2.93,,,,,,,
CP-270531,,3.72,,,,,,,
CP-270541,,4.66,,,,,,,
CP-270551,,9.98,,,,,,,
CP-270561,,9.98,,,,,,,
CP-280261,,17.9,,,,,,,
CP-280271,,39.6,,,,,,,
CP-280330,,4,,,,,,,
CP-280620,,7.04,,,,,,,
CP-282430,,162,,,,,,,
CP-282451,,1167,,,,,,,
CP-282460,,292,,,,,,,
CP-282470,,176,,,,,,,
CP-282500,,244,,,,,,,
CP-282530,,59.6,,,,,,,
CP-282540,,38.6,,,,,,,
CP-282680,,599,,,,,,,
CP-282690,,36.5,,,,,,,
CP-282700,,36.5,,,,,,,
CP-283530,,388,,,,,,,
CP-284490,,27.5,,,,,,,
CP-285901,,23.1,,,,,,,
CP-285921-500,,69.5,,,,,,,
CP-285931,,34.3,,,,,,,
CP-285951-500,,105,,,,,,,
CP-285961,,34.3,,,,,,,
CP-285981-500,,105,,,,,,,
CP-285991,,23.1,,,,,,,
CP-286011-500,,69.5,,,,,,,
CP-286021,,17.9,,,,,,,
CP-286041,,32.1,,,,,,,
CP-286041-500,,32.1,,,,,,,
CP-286051,,17.9,,,,,,,
CP-286071-500,,69.5,,,,,,,
CP-286080,,27.5,,,,,,,
CP-286131,174,1.33,,,,,,,
CP-286170,,10.2,,,,,,,
CP-286180,,35.1,,,,,,,
CP-286190,,62.7,,,,,,,
CP-286350,,44,,,,,,,
CP-286531-25-EL,,73.2,,,,,,,
CP-286541-25-EL,,73.2,,,,,,,
CP-286550,,729,,,,,,,
CP-286620,,106,,,,,,,
CP-286740,,106,,,,,,,
CP-286851,,312,,,,,,,
CP-287260,31,,,,,,107,,
CP-287371,,312,,,,,,,
CP-287720,,6.22,,,,,,,
CP-287770,,2.49,,,,,,,
EA-300071,,331,,,,,,,
CP-301290,,83.6,,,,,,,
CP-301350,,204,,,,,,,
CT-A00,,3.46,,,,,,,
CT-A01,,3.46,,,,,,,
CT-A02,,3.46,,,,,,,
CT-A03,,3.46,,,,,,,
CT-A04,,3.46,,,,,,,
CT-A05,,3.46,,,,,,,
CT-A06,,3.46,,,,,,,
CT-A07,,3.46,,,,,,,
CT-A08,,3.46,,,,,,,
CT-A09,,3.46,,,,,,,
CT-A11,,3.46,,,,,,,
CT-A12,,3.46,,,,,,,
CT-A13,,3.46,,,,,,,
CT-A14,,3.46,,,,,,,
CT-A15,,3.46,,,,,,,
CT-A16,,3.46,,,,,,,
CT-A19,,3.46,,,,,,,
CT-C02,,3.46,,,,,,,
CT-C04,,3.46,,,,,,,
CT-C05,,3.46,,,,,,,
CT-C08,,3.46,,,,,,,
CT-C09,,3.46,,,,,,,
CT-C11,,3.46,,,,,,,
CT-D00,,3.46,,,,,,,
CT-D01,,3.46,,,,,,,
CT-D02,,3.46,,,,,,,
CT-D03,,3.46,,,,,,,
CT-D04,,3.46,,,,,,,
CT-D05,,3.46,,,,,,,
CT-D06,,3.46,,,,,,,
CT-D07,,3.46,,,,,,,
CT-D08,,3.46,,,,,,,
CT-D09,,3.46,,,,,,,
CT-D11,,3.46,,,,,,,
CT-D12,,3.46,,,,,,,
CT-D15,,3.46,,,,,,,
CT-D19,,3.46,,,,,,,
CT-F34,,5.33,,,,,,,
CT-F35,,5.33,,,,,,,
CT-F36,,5.33,,,,,,,
CT-F37,,5.33,,,,,,,
CT-F38,,5.33,,,,,,,
CT-F40,,16.4,,,,,,,
CT-F42,,9.21,,,,,,,
CT-F43,,9.21,,,,,,,
CT-F44,,9.21,,,,,,,
CT-H00,,3.6,,,,,,,
CT-H07,,3.6,,,,,,,
CT-H09,,3.6,,,,,,,
CT-H14,,3.6,,,,,,,
CT-H15,,3.6,,,,,,,
CT-H16,,3.6,,,,,,,
CT-H17,,3.6,,,,,,,
CT-H19,,3.6,,,,,,,
CT-H20,,3.6,,,,,,,
CT-H27,,3.6,,,,,,,
CT-H30,,3.6,,,,,,,
CT-H32,,3.6,,,,,,,
CT-J01,,3.6,,,,,,,
CT-J05,,3.6,,,,,,,
CT-J07,,3.6,,,,,,,
CT-J08,,3.6,,,,,,,
CT-J11,,3.6,,,,,,,
CT-J12,,3.6,,,,,,,
CT-J13,,3.6,,,,,,,
CT-J14,,3.6,,,,,,,
CT-J15,,3.6,,,,,,,
CT-J18,,3.6,,,,,,,
CT-J22,,3.6,,,,,,,
CT-J27,,3.6,,,,,,,
CT-J28,,3.6,,,,,,,
CT-J29,,3.6,,,,,,,
CT-V00,,5.33,,,,,,,
CT-V01,,5.33,,,,,,,
CT-V02,,5.33,,,,,,,
CT-V03,,5.33,,,,,,,
CT-V19,,5.33,,,,,,,
CT-V35,,11.3,,,,,,,
CT-V39,,5.33,,,,,,,
CT-V40,,22.4,,,,,,,
CT-V63,,34.7,,,,,,,
CT-Y02,,5.33,,,,,,,
CT-Y08,,5.33,,,,,,,
CT-Y24,,5.33,,,,,,,
CT-Y27,,5.33,,,,,,,
CT-Y28,,25.5,,,,,,,
CT-Y29,,5.33,,,,,,,
CT-Y31,,5.33,,,,,,,
CT-Y32,,5.33,,,,,,,
CT-Y35,,5.33,,,,,,,
CT-Y37,,5.33,,,,,,,
CT-Y46,,5.33,,,,,,,
CT-Y47,,5.33,,,,,,,
CT-Y49,,5.33,,,,,,,
CT-Y52,,5.33,,,,,,,
CT-Y53,,5.33,,,,,,,
CT-Y54,,5.33,,,,,,,
CT-Y55,,5.33,,,,,,,
CT-Y57,,5.33,,,,,,,
CT-Y58,,5.33,,,,,,,
CT-Y60,,3.46,,,,,,,
CT-Y61,,3.46,,,,,,,
CT-Y67,,5.33,,,,,,,
CT-Y68,,5.33,,,,,,,
CT-Y69,,5.33,,,,,,,
CT-Y70,,5.33,,,,,,,
CT-Y71,,5.33,,,,,,,
CT-Y72,,5.33,,,,,,,
CT-Y73,,5.33,,,,,,,
CT-Y74,,5.33,,,,,,,
CT-Y75,,5.33,,,,,,,
CT-Y76,,5.33,,,,,,,
CT-Y77,,5.33,,,,,,,
CT-Y78,,5.33,,,,,,,
CT-Y97,,36.5,,,,,,,
CT-Z00,,5.33,,,,,,,
CT-Z01,,5.33,,,,,,,
CT-Z02,,5.33,,,,,,,
CT-Z04,,5.33,,,,,,,
CT-Z05,,5.33,,,,,,,
CT-Z06,,5.33,,,,,,,
CT-Z07,,5.33,,,,,,,
CT-Z08,,5.33,,,,,,,
CT-Z09,,5.33,,,,,,,
CT-Z16,,5.33,,,,,,,
CT-Z17,,5.33,,,,,,,
CT-Z18,,5.33,,,,,,,
CT-Z19,,5.33,,,,,,,
CT-Z20,,5.33,,,,,,,
CT-Z21,,5.33,,,,,,,
CT-Z22,,5.33,,,,,,,
CT-Z26,,5.33,,,,,,,
CT-Z29,,5.33,,,,,,,
CT-Z34,,5.33,,,,,,,
CT-Z45,,5.33,,,,,,,
CT-Z47,,5.33,,,,,,,
CT-Z48,,5.33,,,,,,,
CT-Z50,,5.33,,,,,,,
CT-Z51,,5.33,,,,,,,
CT-Z55,,5.33,,,,,,,
CT-Z56,,5.33,,,,,,,
CT-Z57,,5.33,,,,,,,
CT-Z58,,5.33,,,,,,,
CT-Z59,,5.33,,,,,,,
CT-Z61,,6.26,,,,,,,
CT-Z69,,14.9,,,,,,,
CT-Z70,,5.33,,,,,,,
CT-Z84,,5.33,,,,,,,
CT-Z87,,5.33,,,,,,,
CT-Z88,,5.33,,,,,,,
CT-Z89,,5.33,,,,,,,
CT-Z98,,5.33,,,,,,,
CT-Z99,,5.33,,,,,,,
CT-ZA2,,5.33,,,,,,,
CT-ZA6,,4.86,,,,,,,
DE-CODE-KEY,,40.8,,,,,,,
DE-CODE-LOK,,41.6,,,,,,,
EA-100088,,,,,,,81.4,,
EA-100107,,,,,,,210,,
EA-100108,,,,,,,427,,
EA-100109,23,,,,,,390,,
EA-100110,,,,,,,320,,
EA-100111,,,,,,,320,,
EA-100117,,,,,,,5147,,
EA-100121,,,,,,,1307,,
EA-100125,,,,,,,1164,,
EA-100126,,,,,,,1254,,
EA-100138,,,,,,,892,,
EA-100142,31,,,,,,1193,,
EA-100145,41,,,,,,1193,,
EA-100148,,,,,,,12.5,,
EA-100149,,,,,,,61.6,,
EA-100154,,,,,,,144,,
EA-100156,,,,,,,153,,
EA-100158,23,,,,,,6313,,
EA-100159,41,,,,,,2258,,
EA-100160,,,,,,,2258,,
EA-100167,,,,,,,763,,
EA-100168,,,,,,,763,,
EA-100173,,,,,,,297,,
EA-100174,,,,,,,297,,
EA-100177,,,,,,,233,,
EA-100178,,,,,,,185,,
EA-100179,,,,,,,763,,
EA-100180,,,,,,,1254,,
EA-100181,,,,,,,1193,,
EA-100182,,,,,,,2258,,
EA-100192,,,,,,,890,,
EA-100197-016,,,,,,,31554,,
EA-100197-032,,,,,,,40497,,
EA-100197-064,,,,,,,46231,,
EA-100199-A00,,,,,,,17322,,
EA-100199-A01 ,,,,,,,18787,,
EA-100199-M00 ,,,,,,,28571,,
EA-100199-M01 ,,,,,,,30035,,
EA-100199-MD0 ,,,,,,,29743,,
EA-100199-MD1 ,,,,,,,31207,,
EA-100199-MU0 ,,,,,,,29040,,
EA-100199-MU1 ,,,,,,,30504,,
EA-100200,,,,,,,"6,383.00",,
EA-100206,,,,,,,972,,
EA-100207,,,,,,,972,,
EA-100208,,,,,,,972,,
EA-100210,,,,,,,659,,
EA-100219,,,,,,,381,,
EA-100220,,,,,,,511,,
EA-100221,,,,,,,488,,
EA-100222,,,,,,,659,,
EA-100224,,,,,,,217,,
EA-100229,,,,,,,1229,,
EA-100230,,,,,,,1229,,
EA-100232,,,,,,,5455,,
EA-100234,,,,,,,"5,773.87",,
EA-100235,,,,,,,401,,
EA-100236-M00 ,,,,,,,20937,,
EA-100236-M01 ,,,,,,,22401,,
EA-100236-MD0,,,,,,,22109,,
EA-100236-MD1 ,,,,,,,23573,,
EA-100236-MU0 ,,,,,,,21406,,
EA-100236-MU1,,,,,,,22870,,
EA-100237-M00,,,,,,,28571,,
EA-100237-M01 ,,,,,,,30035,,
EA-100237-MD0 ,,,,,,,29743,,
EA-100237-MD1,,,,,,,31207,,
EA-100237-MU0 ,,,,,,,29040,,
EA-100237-MU1 ,,,,,,,30504,,
EA-100240,,,,,,,467,,
EA-100242-000,,,,,,,2162,,
EA-100242-010,,,,,,,2305,,
EA-100242-100,,,,,,,2305,,
EA-100245,,,,,,,1008,,
EA-100247-A00 ,,,,,,,26373,,
EA-100247-A01 ,,,,,,,27837,,
EA-100247-M00,,,,,,,34486,,
EA-100247-M01 ,,,,,,,35950,,
EA-100247-MD0 ,,,,,,,35658,,
EA-100247-MD1 ,,,,,,,37122,,
EA-100247-MU0,,,,,,,34955,,
EA-100247-MU1 ,,,,,,,36419,,
EA-100248-A00 ,,,,,,,14878,,
EA-100248-A01,,,,,,,16343,,
EA-100248-M00 ,,,,,,,20937,,
EA-100248-M01 ,,,,,,,22401,,
EA-100248-MD0,,,,,,,22109,,
EA-100248-MD1 ,,,,,,,23573,,
EA-100248-MU0 ,,,,,,,21406,,
EA-100248-MU1 ,,,,,,,22870,,
EA-100249-A00 ,,,,,,,18659,,
EA-100249-A01 ,,,,,,,20124,,
EA-100249-M00 ,,,,,,,29158,,
EA-100249-M01 ,,,,,,,30622,,
EA-100249-MD0,,,,,,,30330,,
EA-100249-MD1 ,,,,,,,31794,,
EA-100249-MU0 ,,,,,,,29627,,
EA-100249-MU1 ,,,,,,,31091,,
EA-100250-A00,,,,,,,24984,,
EA-100250-A01 ,,,,,,,26448,,
EA-100250-M00 ,,,,,,,33097,,
EA-100250-M01 ,,,,,,,34561,,
EA-100250-MD0 ,,,,,,,34269,,
EA-100250-MD1 ,,,,,,,35733,,
EA-100250-MU0 ,,,,,,,33566,,
EA-100250-MU1,,,,,,,35030,,
EA-100254,,,,,,,246,,
EA-100258,,,,,,,1122,,
EA-100259-M00,,,,,,,32000,,
EA-100259-MD0,,,,,,,32750,,
EA-100259-MU0,,,,,,,32250,,
EA-100259-M01,,,,,,,33000,,
EA-100259-MD1,,,,,,,33750,,
EA-100259-MU1,,,,,,,33250,,
EA-100259-A00,,,,,,,24856.22,,
EA-100259-A01,,,,,,,25856.22,,
EA-100260-M00,,,,,,,37760,,
EA-100260-MD0,,,,,,,38510,,
EA-100260-MU0,,,,,,,38010,,
EA-100260-M01,,,,,,,38760,,
EA-100260-MD1,,,,,,,39510,,
EA-100260-MU1,,,,,,,39010,,
EA-100260-A00,,,,,,,29880.66,,
EA-100260-A01,,,,,,,30880.66,,
EA-100261-M00,,,,,,,43547,,
EA-100261-MD0,,,,,,,44297,,
EA-100261-MU0,,,,,,,43797,,
EA-100261-M01,,,,,,,44547,,
EA-100261-MD1,,,,,,,45297,,
EA-100261-MU1,,,,,,,44797,,
EA-100261-A00,,,,,,,34880.34,,
EA-100261-A01,,,,,,,35880.34,,
EA-100262-M00,,,,,,,49306,,
EA-100262-MD0,,,,,,,50056,,
EA-100262-MU0,,,,,,,49556,,
EA-100262-M01,,,,,,,50306,,
EA-100262-MD1,,,,,,,51056,,
EA-100262-MU1,,,,,,,50556,,
EA-100262-A00,,,,,,,40195.56,,
EA-100262-A01,,,,,,,41195.56,,
EA-100263-M00,,,,,,,55067,,
EA-100263-MD0,,,,,,,55817,,
EA-100263-MU0,,,,,,,55317,,
EA-100263-M01,,,,,,,56067,,
EA-100263-MD1,,,,,,,56817,,
EA-100263-MU1,,,,,,,56317,,
EA-100263-A00,,,,,,,45196.7,,
EA-100263-A01,,,,,,,46196.7,,
EA-100264-M00,,,,,,,60827,,
EA-100264-MD0,,,,,,,61577,,
EA-100264-MU0,,,,,,,61077,,
EA-100264-M01,,,,,,,61827,,
EA-100264-MD1,,,,,,,62577,,
EA-100264-MU1,,,,,,,62077,,
EA-100264-A00,,,,,,,50197.5,,
EA-100264-A01,,,,,,,51197.5,,
EA-100265-M00,,,,,,,66587,,
EA-100265-MD0,,,,,,,67337,,
EA-100265-MU0,,,,,,,66837,,
EA-100265-M01,,,,,,,67587,,
EA-100265-MD1,,,,,,,68337,,
EA-100265-MU1,,,,,,,67837,,
EA-100265-A00,,,,,,,55210.12,,
EA-100265-A01,,,,,,,56210.12,,
EA-100270-100,,,,,,,194.98,,
EA-100272-100,,,,,,,151,,
EA-100274-100,,,,,,,194.07,,
EA-100285-100,,,,,,,244.07,,
EA-200056,,,,,,,36.7,,
EA-200057,,,,,,,36.7,,
EA-200058,23,,,,,,38.1,,
EA-250050,23,,,,,,116,,
EA-250059,,,,,,,116,,
EA-250066,,,,,,,1387,,
EA-300069-01-EL,,26.1,,,,,,,
EA-300070-01-EL,,26.1,,,,,,,
EA-300086-01-EL,,32.5,,,,,,,
EA-300087-01-EL,,32.5,,,,,,,
EA-300088-01-EL,,45.5,,,,,,,
EA-300089-01-EL,,45.5,,,,,,,
EA-300239,,,,,,,1735,,
EA-300241,,,,,,,99.9,,
EA-300242,,,,,,,90.9,,
EA-300243,,,,,,,7479,,
EA-300244,,,,,,,9378,,
EA-300245,,,,,,,8.34,,
EA-300254,,,,,,,457,,
EA-300255,,,,,,,280,,
EA-300256,,,,,,,351,,
EA-300257,,,,,,,548,,
EA-350084,,6.29,,,,,,,
EA-350114,,,,,,,6.1,,
EA-500041-001,,,,,,,36.7,,
EA-500054-M0P,,42.3,,,,,,,
EA-500054-MBP,,42.3,,,,,,,
EA100121,,,,,,,1307,,
EN-100000,,,,,,,407,,
EN-100002-219,,,,,,,398,,
100003-219,,,,,,,398,,
EN-400001,,,,,,,407,,
EN-400002,,,,,,,407,,
EN-400004,,,,,,,407,,
EN-400005,,,,,,,407,,
EN-400006,,,,,,,407,,
EN-400007,,,,,,,407,,
EV-8000D,,,,,,,398,,
EN-150002-XXX (Op Code),,,,,,,410,,
EN-150003-XXX (Op Code),,,,,,,410,,
EV-4515,23,,,,,,1350,,
EV-8501D,,,,,,,410,,
EV-8501S,,,,,,,410,,
K1001,,554,,,,,,,
K1002,,1617,,,,,,,
K1003,,120,,,,,,,
K1005,,551,,,,,,,
K1006,,2675,,,,,,,
K1099,,741,,,,,,,
K4001,,1423,,,,,,,
K4002,,348,,,,,,,
K4006,,1034,,,,,,,
K5005,,1221,,,,,,,
K5006,,2666,,,,,,,
K5007,,917,,,,,,,
K5010,,607,,,,,,,
K5011,,1221,,,,,,,
K5012,,2666,,,,,,,
K6001,,1341,,,,,,,
K6002,,1565,,,,,,,
K9001,,1681,,,,,,,
K9003,,538,,,,,,,
KEB 47600C,,,,,,,194.07,,
KEB 48600C,,,,,,,194.07,,
KEB 49600C,,,,,,,194.07,,
KEC 42602B,,,,,,,168.62,,
KEC 42603B,,,,,,,168.62,,
KEC 4260CR,,,,,,,215.69,,
KEC 426P2B,,,,,,,182.11,,
KEC 426P3B,,,,,,,182.11,,
KEC 47X002,,,,,,,151,,
KEC 47X003,,,,,,,151,,
KEC 47X013,,,,,,,151,,
KEC 47X023,,,,,,,151,,
KEC 47XB02,,,,,,,194.98,,
KEC 47XB03,,,,,,,194.98,,
KEC 47XP02,,,,,,,164.49,,
KEC 47XP03,,,,,,,164.49,,
KEC 48X002,,,,,,,151,,
KEC 48X003,,,,,,,151,,
KEC 48X013,,,,,,,151,,
KEC 48X023,,,,,,,151,,
KEC 48XB02,,,,,,,194.98,,
KEC 48XB03,,,,,,,194.98,,
KEC 48XP02,,,,,,,164.49,,
KEC 48XP03,,,,,,,164.49,,
KEC 497043,,,,,,,151,,
KEC 49X002,,,,,,,151,,
KEC 49X003,,,,,,,151,,
KEC 49X013,,,,,,,151,,
KEC 49XB02,,,,,,,194.98,,
KEC 49XB03,,,,,,,194.98,,
KEC 49XP02,,,,,,,164.49,,
KEC 49XP03,,,,,,,164.49,,
KH-5701,,617,,,,,,,
KH-5702,,1106,,,,,,,
KM-SHARP-CUT,,272,,,,,,,
KM-SHARP-CUT,,272,,,,,,,
KYB 105400 XX 00,,11.8,,,,,,,
KYB 10X600 XX XX,,11.8,,,,,,,
KYB 10X605 XX,,14.87,,,,,,,
KYB 10X605 XX XXX,,15.97,,,,,,,
KYB 115400 S6 43,,11.8,,,,,,,
KYB 115400 XX 00,,11.8,,,,,,,
KYB 12X600 XX 99,,11.5,,,,,,,
KYB 17X600 XX 99,,11.5,,,,,,,
KYB 32X600 XX 99,,11,,,,,,,
KYB 32X900 XX 99,,11,,,,,,,
KYB 33X600 XX 99,,11.5,,,,,,,
KYB 34X600 XX 99,,11.5,,,,,,,
KYB 355600 XX 99,,11.5,,,,,,,
KYB 35563J XX 99,,48.97,,,,,,,
KYB 35563K XX 99,,37.93,,,,,,,
KYB 35563P XX 99,,33.34,,,,,,,
KYB 355640 XX 99,,13.1,,,,,,,
KYB 356600 XX 99,,11.5,,,,,,,
KYB 35663J XX 99,,48.97,,,,,,,
KYB 35663K XX 99,,37.93,,,,,,,
KYB 35663P XX 99,,33.34,,,,,,,
KYB 356640 XX 99,,13.1,,,,,,,
KYB 38X600 XX 99,,11,,,,,,,
KYB 38X900 XX 99,,11,,,,,,,
KYB 4LX600 XX 99 XXX,,12.6,,,,,,,
KYB 4LX600 XX XX XXX,,12.9,,,,,,,
KYB 4SX600 XX 99 XXX,,12.6,,,,,,,
KYB 4SX600 XX XX XXX,,12.9,,,,,,,
KYB 745600 XX 99,,11.5,,,,,,,
KYB 74563F NM XX,,33.34,,,,,,,
KYB 74563H NM XX,,37.93,,,,,,,
KYB 74563J XX 99,,48.97,,,,,,,
KYB 74563K XX 99,,37.93,,,,,,,
KYB 74563N NM XX,,48.97,,,,,,,
KYB 74563P XX 99,,33.34,,,,,,,
KYB 745640 XX 99,,13.1,,,,,,,
KYB 746600 XX 99,,11.5,,,,,,,
KYB 74663J XX 99,,48.97,,,,,,,
KYB 74663K XX 99,,37.93,,,,,,,
KYB 74663P XX 99,,33.34,,,,,,,
KYB 746640 XX 99,,13.1,,,,,,,
KYB 776600 XX 99,,11,,,,,,,
KYB 77663F NM XX,,33.34,,,,,,,
KYB 77663H NM XX,,37.93,,,,,,,
KYB 77663N NM XX,,48.97,,,,,,,
KYB 77663P XX 99,,32.84,,,,,,,
KYB 776640 XX 99,,12.6,,,,,,,
KYB 776900 XXX 99,,11,,,,,,,
KYB 77693P XXX 99,,32.84,,,,,,,
KYB 776940 XXX 99,,12.6,,,,,,,
KYB 777600 XX 99,,11,,,,,,,
KYB 77763P XX 99,,32.84,,,,,,,
KYB 777640 XX 99,,12.6,,,,,,,
KYB 77793J XXX 99,,48.47,,,,,,,
KYB 77793K XXX 99,,37.43,,,,,,,
KYB 77793P XXX 99,,32.84,,,,,,,
KYB 777940 XXX 99,,12.6,,,,,,,
KYB A50000-AXX00,,3.86,,,,,,,
KYB A60000-AXX00,,6.54,,,,,,,
KYB XX66 05,,14.87,,,,,,,
KYB XX6611,,11.8,,,,,,,
KYB XX6620 XX 05,,11.8,,,,,,,
KYB XX7600,,11.8,,,,,,,
KYB XX7611,,11.8,,,,,,,
KYB XX7631 XX 05,,11.8,,,,,,,
KYC 326900 XXX 99,,26.45,,,,,,,
KYC 326900 XXX XX,,22.2,,,,,,,
KYC 346600 XX 99,,28.65,,,,,,,
KYC 346600 XX XX,,24.4,,,,,,,
KYC 355600 XX 99,,28.65,,,,,,,
KYC 35563J XX 99,,66.12,,,,,,,
KYC 35563K XX 99,,55.08,,,,,,,
KYC 35563P XX 99,,50.49,,,,,,,
KYC 355640 XX 99,,30.25,,,,,,,
KYC 356600 XX 99,188,28.65,,,,,,,
KYC 35663J XX 99,,66.12,,,,,,,
KYC 35663K XX 99,,55.08,,,,,,,
KYC 35663P XX 99,,50.49,,,,,,,
KYC 4LX600 XX 99 XXX,,29.75,,,,,,,
KYC 4LX600 XX XX XXX,,25.5,,,,,,,
KYC 4SX600 XX 99 XXX,,29.75,,,,,,,
KYC 4SX600 XX XX XXX,,25.5,,,,,,,
KYC 745600 XX 99,,28.65,,,,,,,
KYC 74563J XX 99,,66.12,,,,,,,
KYC 74563K XX 99,,55.08,,,,,,,
KYC 74563P XX 99,,50.49,,,,,,,
KYC 745640 XX 99,,30.25,,,,,,,
KYC 746600 XX 99,,28.65,,,,,,,
KYC 74663J XX 99,,66.12,,,,,,,
KYC 74663K XX 99,,55.08,,,,,,,
KYC 74663P XX 99,,50.49,,,,,,,
KYC 746640 XX 99,,28.65,,,,,,,
KYC 776600 XX 99,,26.45,,,,,,,
KYC 77663P XX 99,,48.29,,,,,,,
KYC 776640 XX 99,,26.45,,,,,,,
KYC 776900 XXX 99,,26.45,,,,,,,
KYC 77693P XXX 99,,48.29,,,,,,,
KYC 776940 XXX 99,,26.45,,,,,,,
KYC 777600 XX 99,,26.45,,,,,,,
KYC 77763P XX 99,,48.29,,,,,,,
KYC 777640 XX 99,,26.45,,,,,,,
KYC 777900 XXX 99,188,26.45,,,,,,,
KYC 77793P XXX 99,,48.29,,,,,,,
KYC 777940 XXX 99,188,26.45,,,,,,,
KYC A50000 AXX 00,,16.46,,,,,,,
KYC A60000 AXX 00,,19.14,,,,,,,
KYC XX5600 XX 99,,28.65,,,,,,,
KYC XX6600 XX XX,,24.4,,,,,,,
KYC XX6900 XXX 99,,26.45,,,,,,,
KYC XX6900 XXX XX,,22.2,,,,,,,
LK-LESS..-KEY,,1,,,,,,,
MK-MASTER-KEY,,27,,,,,,,
MK-MASTER-ESS,,6,,,,,,,
SK-STAMP.-KEY,,4.5,,,,,,,
SL-STAMP.-LOK,,11.5,,,,,,,
PX-KYLUBE-02,,23.3,,,,,,,
PX-KYLUBE-11,,37,,,,,,,
RE-KEY,,70.2,,,,,,,
RE-KEY-MK,,84.1,,,,,,,
ST-LASER,,163,,,,,,,
SB-SUBASS-DS,,-16.5,,,,,,,
SB-SUBASS-ESS,,-29,,,,,,,
SW-500101-1,,,,,,,1192,,
SW-500101-1R,,,,,,,1170,,
SW-500101-3,,,,,,,3743,,
SW-500101-3R,,,,,,,3677,,
SW-500101-5,,,,,,,6124,,
SW-500101-5R,,,,,,,6016,,
SW-500121-0,,,,,,,1860,,
SW-500121-1,,,,,,,310,,
SW-500121-1R,,,,,,,310,,
SW-500130,,,,,,,1322,,
SW-500141,,,,,,,1073,,
SW-500141-1,,,,,,,1073,,
SW-500141-1R,,,,,,,202,,
SW-500150-R,,,,,,,2438,,
SW-500160-R,,,,,,,2438,,
SW-500170,,,,,,,2438,,
SW-500170-R,,,,,,,732,,
SW-500301-1,,,,,,,1582,,
SW-500301-1R,,,,,,,316,,
SW-500301-2,,,,,,,1192,,
SW-500301-3,,,,,,,3743,,
SW-500301-4,,,,,,,6124,,
SW-500701-1,,,,,,,2730,,
SW-501REMOTE,,,,,,,842,,
SW-501SITE,,,,,,,6383,,
SW-502REMOTE,,,,,,,842,,
SW-502SITE,,,,,,,6383,,
SW-503REMOTE,,,,,,,842,,
SW-503SITE,,,,,,,6383,,
SW-505SITE,,,,,,,6383,,
SW-506SITE,,,,,,,6383,,
SW-507SITE,,,,,,,6383,,
SW-508SITE,,,,,,,6383,,
SW-600801,,,,,,,56836,,
SW-600801-6R,,,,,,,8526,,
SW-600801-7,,,,,,,25981,,
SW-600801-7R,,,,,,,3899,,
SW-600901,,,,,,,25981,,
SW-600901-1,,,,,,,56836,,
SW-600901-1R,,,,,,,8526,,
SW-600901-R,,,,,,,3899,,
SW-600901-2,,,,,,,57895,,
SW-601101,,,,,,,1298,,
SW-601101-R,,,,,,,233,,
T-7155,,35.9,,,,,,,
TP-F10-2W,,0.55,,,,,,,
TP-F10-3M,,0.94,,,,,,,
TP-F10-3W,,0.55,,,,,,,
TP-F10-4T,,0.57,,,,,,,
TP-F10-4W-6T,,0.55,,,,,,,
TP-F10-5T,,0.57,,,,,,,
TP-F10-XT,,0.57,,,,,,,
TP-F10-XW,,0.55,,,,,,,
TP-F10-XX,,1.48,,,,,,,
TP-F15-XB,,0.71,,,,,,,
TP-F15-XT,,0.56,,,,,,,
TP-F50-XW,,0.55,,,,,,,
TP-F50-XX,,1.48,,,,,,,
TP-F53-XX,,1.48,,,,,,,
TP-F57-0,,2.42,,,,,,,
TP-F57-(1-3),,2.42,,,,,,,
TP-F57-(4-5),,2.42,,,,,,,
TP-F60-XX,,1.48,,,,,,,
TP-F90-XX,,1.48,,,,,,,
TP-H10-9W,,0.55,,,,,,,
TP-K40-XX-BH,,15.4,,,,,,,
TP-K40-XX-TH,,13.9,,,,,,,
TP-K42-Z9,,1.48,,,,,,,
TP-K43-XX-BH,,22.4,,,,,,,
SMK040-30,,2981,,,,,,,
SMK040-31,,613,,,,,,,
SMK042-30,,4213,,,,,,,
SMK042-32,,510,,,,,,,
SMK042-35,,919,,,,,,,
SMK042-33,,153,,,,,,,
SMK032-31,,1384,,,,,,,
SMK032-33,,1823,,,,,,,
SMK032-35,,875,,,,,,,
SMK032-37,,1239,,,,,,,
SMK004-01,,Call for pricing,,,,,,,
SMK004-02,,Call for pricing,,,,,,,
SMK060-30,,"13,833",,,,,,,
SMK060-31,,"1,286",,,,,,,